"mRNA"	"logFC"	"FDR"	"NT"	"TP"	"Delta"
"MAP3K12"	"MAP3K12"	7.08234829914147	1.58211183870759e-84	38077.6666666667	5616277.66666667	269679.297751943
"SPRED1"	"SPRED1"	5.47205826061741	3.62037414854872e-58	4789.75	222325.416666667	26209.7910537922
"MAP4K1"	"MAP4K1"	5.04735015439603	1.7380577099085e-51	10459.6666666667	378052.166666667	52793.600164931
"MRPL16"	"MRPL16"	4.8031241386909	1.01376422371906e-47	102048.333333333	2940030.66666667	490150.813146509
"CNTLN"	"CNTLN"	-4.67301449797851	9.21165478361683e-46	681480.416666667	29213.1666666667	3184567.86717177
"THAP11"	"THAP11"	-4.6618301115108	1.15134050206784e-45	1096625.91666667	44107.5833333333	5112283.7193798
"RNF165"	"RNF165"	4.64030824261225	2.15111027327576e-45	40649.75	935567.666666667	188627.369985127
"KLHL14"	"KLHL14"	4.47166639335728	8.17829009264671e-43	18606.5833333333	431060.5	83202.4333868683
"GATAD1"	"GATAD1"	4.40588431214999	7.67895437805026e-42	6503.33333333333	138731	28652.9343100154
"GOLGA5"	"GOLGA5"	4.39639560200659	9.46659962464766e-42	6689.25	137161.25	29408.5892807226
"CENPL"	"CENPL"	4.39445409689681	9.46659962464766e-42	4452.75	96588.5833333333	19567.4054799573
"TMEM132B"	"TMEM132B"	-4.38766354206452	1.10039730564695e-41	148974.75	7526.16666666667	653651.079263176
"PRKCH"	"PRKCH"	4.31467023786896	1.36263025341706e-40	7799.58333333333	163615.5	33652.6300761121
"ACPP"	"ACPP"	4.30876832798778	1.55275610681633e-40	30258	633680.916666667	130374.712068254
"SF1"	"SF1"	4.23084159515052	2.2796633208619e-39	30016.8333333333	578446.083333333	126996.467021367
"PBX3"	"PBX3"	4.05897529905692	8.7966380438239e-37	94368.4166666667	1690012	383039.072261111
"P2RX1"	"P2RX1"	3.94873781328786	3.7950141605438e-35	6390.08333333333	106676	25232.7636883938
"PTBP2"	"PTBP2"	-3.91729441177541	1.05143480940499e-34	737738.25	49586.3333333333	2889937.92407797
"ATRN"	"ATRN"	-3.90546122072163	1.50970554708158e-34	64699.1666666667	4487.33333333333	252680.086429672
"FBXO34"	"FBXO34"	-3.77399180327624	1.26595664067513e-32	210784.416666667	15280.5	795498.660758363
"PRR15"	"PRR15"	3.73378951286601	4.73082743083638e-32	4869.5	67195.1666666667	18181.6880329011
"PTPMT1"	"PTPMT1"	3.71658585225417	8.00803346556519e-32	20384.3333333333	275056.416666667	75760.1248742997
"CXCL12"	"CXCL12"	-3.71464492265102	8.30819680048585e-32	34976	2713.75	129923.420814642
"CSAD"	"CSAD"	3.71244367490272	8.50536471211593e-32	5082.5	65618.1666666667	18868.4949776931
"RHOD"	"RHOD"	3.71058009344637	8.62882454779823e-32	20302.4166666667	277255.916666667	75333.7431321871
"CHFR"	"CHFR"	-3.58184873507357	6.16250099665627e-30	184869.5	17625	662174.584728683
"METTL4"	"METTL4"	3.51850516658164	4.82611456353957e-29	41791.3333333333	498991.75	147043.022251669
"ZMAT3"	"ZMAT3"	3.50407241190638	7.54528405471357e-29	5726.16666666667	68302	20064.9026426446
"FCRL6"	"FCRL6"	3.46064969498208	3.00925568807746e-28	42268.1666666667	484337.916666667	146275.318082452
"ZNF554"	"ZNF554"	3.40098135996614	2.03726070227362e-27	64829	686867.666666667	220482.220585245
"SYTL1"	"SYTL1"	3.31893767573567	2.80226568652935e-26	22431.5	232779.666666667	74448.7504732646
"GZMM"	"GZMM"	-3.29118122310197	6.61638654150488e-26	231817.166666667	23602.4166666667	762952.306126032
"KIF14"	"KIF14"	-3.27378843332724	1.11782715879784e-25	386274.75	40042.1666666667	1264581.80863637
"SUPT5H"	"SUPT5H"	3.23936884435968	3.32278338020658e-25	2261.25	20933	7325.02279930832
"DTX1"	"DTX1"	-3.23025966671067	4.2835140150642e-25	23323.0833333333	2875.08333333333	75339.6153949986
"GALK2"	"GALK2"	-3.20948177085327	7.91668942303538e-25	571064.416666667	67994.0833333333	1832820.83527462
"DISP1"	"DISP1"	3.11570235802839	1.47299887916018e-23	13220.5833333333	129941.75	41191.4026661775
"RCSD1"	"RCSD1"	-3.09749430236049	2.52426430885523e-23	156709.416666667	19983.4166666667	485406.525251237
"TMEM115"	"TMEM115"	-3.08629650676078	3.4954299408674e-23	85325.3333333333	10426.0833333333	263339.278204866
"PPIL6"	"PPIL6"	3.06790585458968	6.01423531001806e-23	21952.25	199743.833333333	67347.4362964163
"NR2C2"	"NR2C2"	-3.05953152307185	7.61239181710639e-23	102680	13020.4166666667	314152.696789017
"ACTR10"	"ACTR10"	3.02841083812647	1.9613698926144e-22	3830.66666666667	30887	11600.8324505831
"ZNF20"	"ZNF20"	3.02721773431889	1.96145761563647e-22	48057.75	414529.416666667	145481.273071463
"DONSON"	"DONSON"	-3.02212027272688	2.24501675974051e-22	148267.5	19260.25	448082.217536533
"SLC10A7"	"SLC10A7"	-3.01332634296981	2.87751385965936e-22	113149.25	15533.8333333333	340955.615712277
"ELOVL1"	"ELOVL1"	-2.98748338052298	6.43176702797484e-22	11654.6666666667	1516.91666666667	34818.1229722018
"CDC42BPA"	"CDC42BPA"	2.95527298029984	1.61806379593388e-21	76356.1666666667	649618.75	225653.316229271
"FAM129C"	"FAM129C"	-2.92328628186964	4.18227402794184e-21	63562.25	8460.83333333333	185810.653469768
"PSMG3"	"PSMG3"	2.92284100383127	4.18227402794184e-21	5671.08333333333	44745.1666666667	16575.6749028108
"CBY1"	"CBY1"	-2.896144973087	9.07570910897864e-21	18248524.4166667	2499213.91666667	52850372.2555845
"THAP2"	"THAP2"	-2.88367039712122	1.29447231945913e-20	910119.25	134730.916666667	2624483.93907516
"COPZ1"	"COPZ1"	-2.86738427334903	2.25295426751842e-20	4532.25	647.416666666667	12995.7023728861
"ANKRD29"	"ANKRD29"	2.85603705013358	2.89400265489122e-20	3203.41666666667	25570.4166666667	9149.07668701542
"PPFIA1"	"PPFIA1"	2.84394758388918	4.0078376783013e-20	68924.4166666667	524330.5	196017.428250138
"PDCD11"	"PDCD11"	-2.83250963836625	5.57305210780736e-20	37426.0833333333	5435.5	106009.741767965
"SLAIN1"	"SLAIN1"	2.81234934893138	9.89762371972175e-20	15963	121800.25	44893.5326569915
"MAP2K3"	"MAP2K3"	2.79793614557309	1.48944670746187e-19	13640.6666666667	100045.25	38165.7143163807
"CHPF2"	"CHPF2"	2.79612761765531	1.53802719240991e-19	279738.75	1963622.41666667	782185.244603375
"PRKD1"	"PRKD1"	-2.78470803308207	2.19554805458023e-19	11506.3333333333	1641.33333333333	32041.7788646533
"SCARF2"	"SCARF2"	2.7675479938944	3.44820358330714e-19	50647.25	354219.583333333	140168.695133768
"HERC3"	"HERC3"	2.76633195534849	3.53156970329962e-19	9713.91666666667	70127.4166666667	26871.9180865923
"MED11"	"MED11"	-2.7635195131478	3.93037438493392e-19	8506.08333333333	1285.75	23506.7272721279
"UBXN10"	"UBXN10"	2.75068334664035	5.38212942094726e-19	41131.5833333333	268120	113139.96129595
"SERTAD3"	"SERTAD3"	-2.70984840836666	1.74596376278155e-18	56151.5	8807.25	152162.052902401
"AKAP1"	"AKAP1"	-2.70854475535692	1.92628687464269e-18	4612	680.333333333333	12491.8084117061
"TMEM45B"	"TMEM45B"	-2.68328545415069	3.63645269485477e-18	144165.5	22789.0833333333	386837.189140362
"CDH24"	"CDH24"	-2.67346573976547	4.75386771912814e-18	110103.833333333	17467.1666666667	294358.826233514
"VPS13D"	"VPS13D"	2.6682669574331	5.52177379020699e-18	2933.33333333333	18288.25	7826.91640847043
"ETV4"	"ETV4"	-2.66273576199787	6.43329905736098e-18	10554.3333333333	1804.5	28103.4008107128
"DLG1"	"DLG1"	2.65927541498327	6.88955923960948e-18	5515.41666666667	33210.75	14667.0119450556
"UBXN1"	"UBXN1"	-2.65370065838614	8.06268544670461e-18	17862.4166666667	2755.66666666667	47401.5068687009
"LIG1"	"LIG1"	-2.64530849541181	9.96346846932399e-18	34898.5	6139.75	92317.298527129
"ZC3H10"	"ZC3H10"	2.63176404861992	1.43604403499895e-17	126107.833333333	818784.583333333	331886.062016019
"TOPORS"	"TOPORS"	-2.62886108382308	1.53856429004603e-17	560185.75	102358.5	1472650.51788724
"SKA2"	"SKA2"	2.60562648910866	2.9579923037127e-17	7014.25	47140.1666666667	18276.5156012304
"RSPRY1"	"RSPRY1"	2.59755717149262	3.77079571757722e-17	1554.91666666667	9758.33333333333	4038.9849385734
"CTHRC1"	"CTHRC1"	-2.59549240938126	3.84166293061529e-17	33155.8333333333	5882.33333333333	86055.7137433768
"AGFG2"	"AGFG2"	-2.59033690949429	4.35309995801905e-17	369695.583333333	64939.4166666667	957636.114785354
"SRI"	"SRI"	2.58955982124472	4.55155089541598e-17	1485.66666666667	8380	3847.22270776257
"UBAC1"	"UBAC1"	-2.58470899189128	4.98952306304064e-17	85656	14846.0833333333	221395.83340944
"SYCP2L"	"SYCP2L"	-2.5814173949433	5.39064400812961e-17	341948.083333333	61247	882710.730484187
"SMUG1"	"SMUG1"	2.57532415923328	6.33237213391832e-17	20945.8333333333	128492.166666667	53942.3106186071
"CTTNBP2"	"CTTNBP2"	2.57135240570706	7.00049829205483e-17	15402.75	87507.3333333333	39605.8982670043
"SSSCA1"	"SSSCA1"	2.56910934043426	7.36673430385361e-17	15851.0833333333	97635.5833333333	40723.1662476685
"CACNB3"	"CACNB3"	-2.56696619229576	7.72540717205685e-17	123009.833333333	20665.8333333333	315762.083486603
"PTPRK"	"PTPRK"	2.53238815568689	2.03037841443912e-16	3819.25	21923.4166666667	9671.82346360714
"SEPT9"	"SEPT9"	-2.52524537320209	2.41854543462365e-16	143527.333333333	27252.9166666667	362441.734428034
"RXRA"	"RXRA"	2.51166945559188	3.49532786399275e-16	12204.0833333333	69830.4166666667	30652.6233418313
"CLIC4"	"CLIC4"	-2.50298471498005	4.43483930367638e-16	25424.8333333333	4439.16666666667	63637.9692142485
"HNRNPH3"	"HNRNPH3"	-2.49894788519033	4.84052104758136e-16	566427.75	113151.5	1415473.42797562
"TK2"	"TK2"	2.48958753891255	6.22622888899947e-16	11265.4166666667	68580	28046.240953991
"MTMR11"	"MTMR11"	2.48246747167405	7.46595185969174e-16	39782.5833333333	219101.75	98758.9690641622
"PEX19"	"PEX19"	-2.47322891597485	9.77691110928883e-16	10389.4166666667	1933.16666666667	25695.4057201111
"SH2D3A"	"SH2D3A"	-2.46684984139243	1.12632368226225e-15	57743.3333333333	10686.9166666667	142444.132674803
"GLRB"	"GLRB"	2.46563290561289	1.14670784542692e-15	132915.25	792799.416666667	327720.214057763
"TRIT1"	"TRIT1"	2.43604339018034	2.54715558617957e-15	37543.1666666667	205268.25	91456.7830047721
"TMEM98"	"TMEM98"	-2.42472144077569	3.42850217811037e-15	206783.5	38185.5	501392.38604864
"ZNF507"	"ZNF507"	-2.41885261074665	3.97576344696176e-15	331740.833333333	65975.25	802432.180799601
"BBC3"	"BBC3"	2.41842344423289	3.99222362251857e-15	15626.6666666667	83990.6666666667	37791.8970218793
"MEIS2"	"MEIS2"	-2.41505060007749	4.33080736060788e-15	76350.25	14460.8333333333	184389.717078566
"CPOX"	"CPOX"	2.41314213384915	4.53715160609429e-15	6209	31578.3333333333	14983.1995090694
"COPS7A"	"COPS7A"	2.39265290662209	7.85774998538735e-15	3483.25	16980.9166666667	8334.20823699138
"MED10"	"MED10"	2.38798391497092	8.88893479447887e-15	2292.75	12005.3333333333	5475.05012104958
"PGBD5"	"PGBD5"	-2.38428518143948	9.69996075591688e-15	13415.1666666667	2646.33333333333	31985.5830898743
"RNF5"	"RNF5"	2.3823924276417	1.01206896594162e-14	2432.83333333333	13369	5795.96371104766
"HDAC2"	"HDAC2"	2.37913252835186	1.0833827509384e-14	4072.33333333333	21939.5833333333	9688.62069962489
"ST3GAL5"	"ST3GAL5"	-2.37251088251409	1.27139791582072e-14	57303.75	11264.5833333333	135953.770483867
"BET1"	"BET1"	2.36739475552751	1.43859784341233e-14	186587.75	1012495.16666667	441726.860795678
"YOD1"	"YOD1"	-2.36162521093742	1.69005342859501e-14	15811.0833333333	3181.75	37339.8530122325
"CRLS1"	"CRLS1"	-2.35095145894383	2.24509067461015e-14	10466.25	2149.16666666667	24605.6457071709
"ADAM10"	"ADAM10"	2.34338573761327	2.65818686982907e-14	20607.3333333333	105839.166666667	48290.9310235758
"ETNK2"	"ETNK2"	-2.3415845539121	2.92576885496421e-14	4185.5	863.166666666667	9800.70215039909
"ERCC6"	"ERCC6"	-2.32894403721572	3.93312702164605e-14	8243.16666666667	1700.5	19197.8738561087
"NXPH3"	"NXPH3"	2.32626819044566	4.10515807066931e-14	5063.91666666667	26850.9166666667	11780.0282607343
"AGTRAP"	"AGTRAP"	-2.31341736826922	5.65543602850998e-14	190779.166666667	40990	441351.837670595
"ENG"	"ENG"	2.30839241300386	6.4059018172616e-14	24117.6666666667	124907.166666667	55673.0387526894
"STAM"	"STAM"	2.3014141905476	7.62085797850514e-14	41829.25	207940.25	96266.4295299634
"MCM8"	"MCM8"	2.28340728523824	1.22325538463635e-13	4027	21378.6666666667	9195.28113765438
"UBA6"	"UBA6"	-2.27866186270164	1.40096983745102e-13	7234.75	1585.83333333333	16485.5489111807
"ALKBH6"	"ALKBH6"	2.26917472729766	1.72655450198498e-13	18889.5	93375.3333333333	42863.5760112891
"SETD2"	"SETD2"	2.26873922342156	1.75636523187034e-13	3138.5	15326.5833333333	7120.43805270856
"POFUT1"	"POFUT1"	-2.26210349676278	2.03727949366546e-13	58015.4166666667	12032.1666666667	131236.876907816
"POLR2E"	"POLR2E"	-2.2625894498659	2.03727949366546e-13	9750.33333333333	2131.41666666667	22061.0013326758
"LAIR1"	"LAIR1"	-2.25559666189574	2.37016534819339e-13	1006980.16666667	209025.583333333	2271341.10252855
"TRIM6"	"TRIM6"	2.23909430122842	3.61127275754734e-13	15116.9166666667	75207.5	33848.2019604783
"PLEKHA2"	"PLEKHA2"	2.23345115195269	4.22072823756987e-13	2198	10287.6666666667	4909.12563199201
"STS"	"STS"	2.23151846206965	4.31292072562743e-13	28640.3333333333	138987.083333333	63911.432593162
"DHX57"	"DHX57"	-2.22759180610314	4.77681200872024e-13	22220	4898.91666666667	49497.0899316117
"SENP3"	"SENP3"	2.22653679865798	4.83430450187179e-13	13649.5833333333	64839.1666666667	30391.2995780154
"CD2AP"	"CD2AP"	2.22516669262404	4.89321652198742e-13	194739.083333333	802451.416666667	433326.92198547
"ZNF286A"	"ZNF286A"	-2.22546816190845	4.89321652198742e-13	48758.6666666667	11363.6666666667	108510.860283773
"PLEKHH3"	"PLEKHH3"	-2.22568738988956	4.89321652198742e-13	12622.3333333333	2940.58333333333	28093.3681309826
"ZNF454"	"ZNF454"	-2.21295839840171	6.62884624613178e-13	124457.916666667	27048.1666666667	275420.191935081
"APTX"	"APTX"	-2.21171869522573	6.86469083251601e-13	18637.6666666667	4186.75	41221.2758020521
"STAT4"	"STAT4"	-2.21317176567043	6.98860261729995e-13	2942.91666666667	675.083333333333	6513.18007538761
"BMPR1A"	"BMPR1A"	2.2101355086534	7.05471477446111e-13	3497.83333333333	16463.8333333333	7730.68565335149
"ZNF644"	"ZNF644"	2.20877608424718	7.16691322717684e-13	17307.5833333333	82479.1666666667	38228.5761427818
"CHST14"	"CHST14"	2.20259491018196	8.52999842070769e-13	1966.41666666667	9171.08333333333	4331.21934129698
"TMOD2"	"TMOD2"	2.19885488425449	9.08343142846643e-13	32180.4166666667	155667.416666667	70760.0663648446
"RRAS"	"RRAS"	2.19809386344336	9.1883699807163e-13	60248.5	298831.833333333	132431.858131667
"APBB3"	"APBB3"	-2.19371567585047	1.02130019465403e-12	102648.75	22765.6666666667	225182.171981456
"CTF1"	"CTF1"	2.19003238676196	1.11466459323979e-12	14812.9166666667	61572	32440.767242406
"ZNF204P"	"ZNF204P"	2.18777809487505	1.17357855472795e-12	10685.75	49382.8333333333	23378.0497773111
"SLC7A5"	"SLC7A5"	-2.18732624210521	1.17938582601085e-12	43610.5	9707.5	95390.3910813294
"FOXF2"	"FOXF2"	2.18233131524998	1.31536109015738e-12	32757.6666666667	155167.75	71488.0817811869
"CAD"	"CAD"	2.18286674648739	1.31536109015738e-12	4743.25	21716.5833333333	10353.8826952763
"MANEA"	"MANEA"	2.1823347162528	1.41782813640064e-12	618.25	2982.08333333333	1349.2284383233
"LMNB2"	"LMNB2"	-2.17456738929972	1.57773310828779e-12	393949.083333333	87944.25	856668.829661186
"CXXC1"	"CXXC1"	2.17402594472106	1.58925734440452e-12	49808.6666666667	225970.333333333	108285.333605296
"DBR1"	"DBR1"	2.17290134385688	1.62307646582599e-12	156287.583333333	696891.083333333	339597.499853144
"BBOX1"	"BBOX1"	-2.17232592126179	1.64165346443938e-12	57860.6666666667	13513.9166666667	125692.226021488
"ADD1"	"ADD1"	-2.16377749493218	2.01825455458314e-12	140869.25	32152.9166666667	304809.712877975
"GRPEL2"	"GRPEL2"	-2.15824071144711	2.31238985989584e-12	36354.25	8747.75	78461.2223841261
"DNAJC30"	"DNAJC30"	-2.15583730623476	2.43538211881355e-12	82056.9166666667	19271.0833333333	176901.362184597
"NSD1"	"NSD1"	2.15503279742184	2.48204275062775e-12	6058.75	28562.3333333333	13056.8049613796
"WBP4"	"WBP4"	-2.14658915730493	3.02575678228501e-12	189632.833333333	46880.8333333333	407063.783902347
"ZNF76"	"ZNF76"	-2.13965546016781	3.58853501792232e-12	51426.3333333333	12009.4166666667	110034.634913076
"DET1"	"DET1"	2.13733800639393	3.77221276956349e-12	18583.8333333333	86294.0833333333	39719.9332878237
"GDF11"	"GDF11"	-2.13586919882907	3.87998724813617e-12	374456.083333333	87565.4166666667	799789.214705838
"FZR1"	"FZR1"	-2.13028139290331	4.43501479637665e-12	177305.25	41935.75	377710.07493907
"EPS15"	"EPS15"	2.12754234804495	4.72011355044415e-12	32055.4166666667	151722.75	68199.2564425592
"NCAPG"	"NCAPG"	-2.12382350238837	5.16292323456997e-12	46998.9166666667	10753.8333333333	99817.403803459
"ZNF559"	"ZNF559"	2.11822385129565	5.88156606982897e-12	20502.4166666667	92306.3333333333	43428.7079925348
"LEMD2"	"LEMD2"	2.11290545826124	6.65743955127445e-12	91738.4166666667	392927.583333333	193834.601307244
"NIPAL3"	"NIPAL3"	-2.10503096923416	8.04253057865425e-12	309493.083333333	70539.75	651492.525180435
"ZBTB45"	"ZBTB45"	2.10232978752336	8.54327339215037e-12	94942.5833333333	442388.166666667	199600.621046086
"ABLIM3"	"ABLIM3"	2.09963921669245	9.11449514304821e-12	9825.5	44192.9166666667	20630.0051236116
"FBXL20"	"FBXL20"	2.09569308390609	1.03178205720331e-11	1244	5434.75	2607.04219637917
"MAPK14"	"MAPK14"	-2.08882730161772	1.17547794506985e-11	44767.75	10694.9166666667	93512.0984319965
"DAGLA"	"DAGLA"	-2.08024801070666	1.438506660696e-11	98043.9166666667	23675.4166666667	203955.662607722
"MTSS1"	"MTSS1"	-2.07840986034522	1.49609370851158e-11	86706.8333333333	21025.3333333333	180212.33735931
"CMTM7"	"CMTM7"	-2.0750154436996	1.61369844643927e-11	204863	52815.5833333333	425093.888842631
"VPS11"	"VPS11"	-2.06617568251911	1.99535002347138e-11	68006.9166666667	16669.6666666667	140514.23745977
"TAOK2"	"TAOK2"	2.06144118637864	2.24275195163711e-11	4779.83333333333	21463	9853.34529735886
"DCP1B"	"DCP1B"	2.05910813260334	2.36585745027701e-11	4001.33333333333	17176.0833333333	8239.17800792352
"DTYMK"	"DTYMK"	-2.05534921285252	2.54753398273706e-11	232959.25	56749.5	478812.611114213
"MAN1B1"	"MAN1B1"	2.05571985729628	2.56760733788868e-11	2071.83333333333	8288.91666666667	4259.10892434167
"FAM155B"	"FAM155B"	2.05436539243984	2.61168402510976e-11	3626.25	15711.5833333333	7449.64250433496
"RNF26"	"RNF26"	2.04987136265491	2.91745053034923e-11	2321.16666666667	10471.25	4758.09307794916
"MRRF"	"MRRF"	-2.04683516239894	3.07856307508469e-11	29288.8333333333	7370.33333333333	59949.4139323089
"ARHGEF38"	"ARHGEF38"	-2.04684318129046	3.08202438943827e-11	16150.6666666667	3972.75	33057.8819399617
"SYT14"	"SYT14"	-2.03654407881071	3.88250398454732e-11	1115164.83333333	292012.166666667	2271082.33822294
"ATG16L1"	"ATG16L1"	2.02265151717356	5.39915974482252e-11	63713.6666666667	275083.333333333	128870.544548024
"FGFRL1"	"FGFRL1"	2.0213323485853	5.55537503797343e-11	16098.8333333333	64861.6666666667	32541.09259115
"BIRC3"	"BIRC3"	-2.020237594694	5.70757082006018e-11	20804.6666666667	5242.66666666667	42030.3697450771
"NPDC1"	"NPDC1"	-1.99257241399877	1.09321303093864e-10	55792	14343.5	111169.600121819
"OVOL1"	"OVOL1"	-1.99189567353954	1.1038174056464e-10	62093.3333333333	16766.3333333333	123683.442022315
"RAB11A"	"RAB11A"	1.99105553931661	1.11847758901068e-10	48532.0833333333	181823.666666667	96630.0733554085
"SLC31A1"	"SLC31A1"	-1.98350857683151	1.33922980231758e-10	28642.75	7087.33333333333	56813.1402890409
"ITPK1"	"ITPK1"	-1.9785774159601	1.49536064339413e-10	26107.6666666667	7127	51656.0396500809
"ESR2"	"ESR2"	-1.97784455315676	1.51526654635819e-10	31453.1666666667	7658.5	62209.4743711984
"ENOX1"	"ENOX1"	1.97419123126774	1.6326871870742e-10	73483.1666666667	307847.5	145069.823279119
"C4orf19"	"C4orf19"	-1.96686859266085	1.93201175222148e-10	107026.166666667	29123.5833333333	210506.405809552
"EIF3E"	"EIF3E"	-1.96532217635595	1.99688524400033e-10	47645.75	13144.0833333333	93639.2490841114
"DTD1"	"DTD1"	-1.9620737581954	2.13600834482467e-10	104470.083333333	28118	204978.00902482
"ARL3"	"ARL3"	1.96210965649354	2.13600834482467e-10	9237	37209.25	18124.0068970308
"TAF5"	"TAF5"	-1.95620181454533	2.43079332450844e-10	214306	60804	419225.786067952
"ABCE1"	"ABCE1"	1.94617819598125	3.06141234537825e-10	28046.25	109333.083333333	54583.0002290391
"WDR18"	"WDR18"	-1.94426958514265	3.24155048070903e-10	8989.5	2419.16666666667	17478.0114356399
"IL18"	"IL18"	1.93512697288952	3.92897060303989e-10	12681.4166666667	48201.5833333333	24540.1514461174
"PGAP3"	"PGAP3"	1.93216744519103	4.22164133523826e-10	4007.75	14753.75	7743.64407846435
"NPR1"	"NPR1"	1.92459126180276	5.02740479348815e-10	3079.41666666667	12207.1666666667	5926.61840811645
"NMNAT1"	"NMNAT1"	1.92202747617086	5.30267311892276e-10	3203.33333333333	12698.8333333333	6156.89468200067
"MEIS3"	"MEIS3"	-1.92051634037403	5.40035403966212e-10	90545.8333333333	24709.3333333333	173894.75246945
"CACNA1C"	"CACNA1C"	1.90234230133542	8.16451949529878e-10	81737.8333333333	340559.416666667	155493.337969505
"TYK2"	"TYK2"	-1.90164896221696	8.26208393559267e-10	113941.666666667	32102.8333333333	216677.052169937
"SPHK1"	"SPHK1"	-1.90041671140162	8.45784337222719e-10	144118	38566.8333333333	273884.255613778
"PHF20L1"	"PHF20L1"	1.89528563742028	9.62023224585593e-10	2629.33333333333	9739.91666666667	4983.33770265707
"MAD2L1"	"MAD2L1"	-1.89424726419697	9.6569625943064e-10	74522.9166666667	22913.5833333333	141164.831015812
"PDGFRB"	"PDGFRB"	-1.89406447824459	9.66032775818129e-10	37349.75	10589.75	70742.834746316
"VEZT"	"VEZT"	-1.89406435130541	9.66032775818129e-10	19701.5833333333	5560	37316.0666559395
"CDKL5"	"CDKL5"	-1.89313030407598	9.73384488555642e-10	34699.9166666667	9325.5	65691.4637905777
"PPDPF"	"PPDPF"	-1.8931349309776	9.73384488555642e-10	18073.5833333333	5132.75	34215.7319362679
"BTAF1"	"BTAF1"	1.89314256807429	9.73384488555642e-10	9206.41666666667	37507.5	17429.0592910953
"GLT8D1"	"GLT8D1"	-1.89244479451392	9.77335416177179e-10	107711.75	30012.5	203838.540595485
"TARBP1"	"TARBP1"	-1.89235939978256	9.77335416177179e-10	44841.25	12492.75	84855.7609354996
"CRIPT"	"CRIPT"	1.89159746112614	9.86634995664114e-10	375412.75	1490828.41666667	710129.804774383
"NYNRIN"	"NYNRIN"	1.88930971584309	1.03880925356873e-09	11727.4166666667	45093	22156.7222500735
"NDEL1"	"NDEL1"	-1.88687897548766	1.08902068629947e-09	6152375.66666667	1627169.41666667	11608788.2947352
"MATN3"	"MATN3"	1.8757282907851	1.41405401870038e-09	3919	14673.0833333333	7350.9791715868
"FAM160A1"	"FAM160A1"	-1.87426273093032	1.44614084149041e-09	31388.1666666667	8940.41666666667	58829.6709755628
"SERHL"	"SERHL"	-1.8692690605602	1.60592677811458e-09	181964.583333333	54036.6666666667	340140.765742728
"PLD2"	"PLD2"	1.86873208710179	1.61888516446076e-09	43402.25	165931.5	81107.1772274137
"MAGEF1"	"MAGEF1"	-1.86684177621818	1.68643213650909e-09	39713	11514.0833333333	74137.8874589524
"DCAF8"	"DCAF8"	-1.86351191258327	1.80549373378208e-09	211022.083333333	62906.0833333333	393242.166109807
"TESK1"	"TESK1"	-1.86317000532109	1.8189784416918e-09	33668.4166666667	9753.08333333333	62729.9840599859
"FAM200A"	"FAM200A"	1.86190167024091	1.8606020942028e-09	13893.6666666667	50351	25868.6411724371
"PHB2"	"PHB2"	1.86036871035816	1.93815434837201e-09	3128.25	10763.1666666667	5819.69841817793
"IL33"	"IL33"	-1.85198723675006	2.30180182963903e-09	265852.25	75386.9166666667	492354.973861286
"ME3"	"ME3"	-1.84895674401657	2.45592930765632e-09	113725.916666667	33013.25	210274.3005903
"TMEM39B"	"TMEM39B"	1.84865833251746	2.51722627192696e-09	1922.25	7373	3553.58347968169
"CD300C"	"CD300C"	-1.84678251344099	2.60847447765483e-09	7427.5	2136.75	13716.9771185829
"ZC3H12B"	"ZC3H12B"	-1.84522752996113	2.6534459196517e-09	21111.4166666667	6062.83333333333	38955.3672298136
"AACS"	"AACS"	1.83392467874501	3.3799745277196e-09	132734.166666667	478151	243424.463962653
"ZNF718"	"ZNF718"	1.8336603230544	3.43194037196748e-09	3199.91666666667	11594.1666666667	5867.56022874716
"R3HCC1"	"R3HCC1"	-1.8327559655618	3.47244449750985e-09	13612.75	4117.16666666667	24948.8487702013
"FAM117A"	"FAM117A"	1.82558738707222	4.03223138883779e-09	14043.5	53328.5833333333	25637.6364703487
"C1orf56"	"C1orf56"	1.82374467267635	4.18221316913956e-09	15956	54760.8333333333	29099.6699972239
"LZTS2"	"LZTS2"	1.8217377112813	4.35927034131653e-09	11761.1666666667	42740.25	21425.7608453312
"GCAT"	"GCAT"	1.81816015319231	4.69157328394255e-09	27742.9166666667	91979.5	50441.065616668
"LCP1"	"LCP1"	-1.81748746392239	4.78432681521762e-09	14030.75	4177.83333333333	25500.712234429
"UBR5"	"UBR5"	-1.8097896908014	5.59537905657774e-09	1834048.58333333	514070.666666667	3319242.21854559
"TMEM106C"	"TMEM106C"	1.80127654005128	6.76273476420992e-09	8083.5	30769.75	14560.6189115045
"ADAMTS3"	"ADAMTS3"	-1.79852487639145	7.13034594063736e-09	109581.833333333	32092.75	197085.653250582
"PAICS"	"PAICS"	1.79741641714299	7.27238793819228e-09	52385.25	185636.25	94158.1083661398
"COASY"	"COASY"	1.79207087141575	8.17191185572909e-09	11672.25	39989.8333333333	20917.4992288825
"ZFP36L2"	"ZFP36L2"	-1.78949718740661	8.59959632104751e-09	79713.25	22885.5	142646.63667404
"KIF5C"	"KIF5C"	1.78869470356646	8.79254697505144e-09	4010.66666666667	14405	7173.85822443721
"ADNP"	"ADNP"	1.7871022838553	9.027867604491e-09	6667.33333333333	20414.1666666667	11915.2066272246
"CDCA3"	"CDCA3"	1.78202766605514	1.00006197385613e-08	41823.3333333333	149853.75	74530.337086646
"ZNF614"	"ZNF614"	-1.77767366433844	1.09652644745455e-08	84672.4166666667	25146.0833333333	150519.925204224
"IQCH"	"IQCH"	-1.77688568619982	1.1100489457931e-08	161945.333333333	50360.25	287758.344746859
"NR4A1"	"NR4A1"	1.77619138432105	1.11890690271883e-08	28578.8333333333	101037.5	50761.477540614
"ZNF227"	"ZNF227"	1.77663296856562	1.11890690271883e-08	5438.66666666667	19359.5833333333	9662.51450503889
"AFTPH"	"AFTPH"	-1.77559466939213	1.13374265536662e-08	21758.9166666667	6938.83333333333	38635.0164450808
"CHCHD10"	"CHCHD10"	-1.77415495119427	1.1591313421559e-08	2528642.08333333	779421.083333333	4486202.87194403
"OSMR"	"OSMR"	1.77421912039389	1.1614841984721e-08	5783.75	20557.3333333333	10261.6398375781
"CHD6"	"CHD6"	-1.77214764791205	1.2045553421295e-08	51555.6666666667	16276.1666666667	91364.2534198712
"PSMG1"	"PSMG1"	-1.77113615768008	1.22682455649963e-08	57730.3333333333	17651.0833333333	102248.28076159
"LAPTM4B"	"LAPTM4B"	-1.76871335937409	1.28739080407406e-08	86437.3333333333	26410.4166666667	152882.866215338
"BMPER"	"BMPER"	1.76528477426951	1.37983207156937e-08	206756	740173.333333333	364983.218788866
"AKAP8"	"AKAP8"	1.76233569677743	1.47006821379044e-08	13212	46820.4166666667	23283.9792258234
"MAGIX"	"MAGIX"	1.7601952051127	1.53070493072742e-08	43634.6666666667	133187.083333333	76805.5310433576
"DCK"	"DCK"	1.75938023722695	1.55098911190464e-08	46725.8333333333	147858.666666667	82208.5077346269
"PACSIN2"	"PACSIN2"	-1.75965512127857	1.55098911190464e-08	12605.1666666667	4007.41666666667	22180.7460795699
"PCDHB13"	"PCDHB13"	-1.75458081639376	1.70981185731475e-08	131881.833333333	41106.5	231397.334797505
"SOCS5"	"SOCS5"	-1.75366035051678	1.74400225140099e-08	28266	9111.16666666667	49568.9634677072
"PALM"	"PALM"	1.75262507131941	1.76916889155928e-08	143866.583333333	479568.833333333	252144.180875064
"SLC29A2"	"SLC29A2"	1.75303006394308	1.7804330602308e-08	2164.33333333333	8113.16666666667	3794.14140172747
"ACOX1"	"ACOX1"	1.75132167582238	1.81298478845475e-08	10557.6666666667	37328.9166666667	18489.8704794408
"NOX4"	"NOX4"	-1.74857047455862	1.91935277814166e-08	19758	7004.41666666667	34548.2554363292
"ITM2C"	"ITM2C"	1.7464316399301	2.01689596681779e-08	3427.83333333333	11637.5833333333	5986.47658974041
"DEAF1"	"DEAF1"	1.74426707007294	2.08335344068377e-08	26045.25	90717.1666666667	45429.8719068171
"MARS"	"MARS"	1.73729886980014	2.41952885867734e-08	8209.75	26454.0833333333	14262.7893963417
"SNX16"	"SNX16"	-1.73488902672862	2.54394803631405e-08	21651.1666666667	6771.16666666667	37562.3714658725
"RAB32"	"RAB32"	-1.73307750440346	2.62080384394858e-08	120484.166666667	37889.8333333333	208808.398886797
"THSD7A"	"THSD7A"	-1.73023507130181	2.7797068701196e-08	62854.6666666667	18296.5833333333	108753.348661652
"COL18A1"	"COL18A1"	-1.7280155953174	2.96299294105902e-08	5900.75	1876.5	10196.5880240691
"ODF2"	"ODF2"	1.72600348099148	3.01412600393492e-08	544255.833333333	1834645.16666667	939387.462883251
"PER2"	"PER2"	-1.72448302733973	3.10449568811663e-08	222693.083333333	67878.6666666667	384030.442514286
"KYNU"	"KYNU"	1.72369931697869	3.16400097076448e-08	6433.5	22705.4166666667	11089.4195557824
"ZNF268"	"ZNF268"	-1.72317741641106	3.1700305698287e-08	183320	56904.4166666667	315892.883976476
"HSF4"	"HSF4"	-1.72211754492091	3.32001707875833e-08	5826.5	1719.16666666667	10033.9178754817
"DNTTIP2"	"DNTTIP2"	-1.71736993495921	3.57136387017519e-08	32756	11299.75	56254.1695895239
"FAIM"	"FAIM"	-1.71617400422099	3.64543974477847e-08	79426.3333333333	25352.25	136309.408517258
"ZNF613"	"ZNF613"	-1.714459824137	3.76975702843197e-08	70472	22205.25	120821.412726582
"ZNF277"	"ZNF277"	-1.71381785335336	3.81631897186838e-08	32958.8333333333	10624.0833333333	56485.4369923644
"AFAP1L2"	"AFAP1L2"	1.71334010286405	3.85218850927589e-08	6119.5	20900.3333333333	10484.7847594766
"PCDH18"	"PCDH18"	-1.71247431132927	3.88976402968501e-08	82065.5833333333	26950.5	140535.203302585
"SNHG12"	"SNHG12"	1.71238867933663	3.91424679263792e-08	4211.08333333333	14030.1666666667	7211.01142774316
"KIFAP3"	"KIFAP3"	-1.71107547066857	3.99635056700371e-08	21831.3333333333	7013.41666666667	37355.0589586558
"MYOM1"	"MYOM1"	-1.71020202098571	4.07903776237877e-08	12212	3930.66666666667	20884.9870802775
"CDK14"	"CDK14"	-1.70195570597859	4.78252615746586e-08	69312.4166666667	22179.4166666667	117966.663040999
"MORF4L2"	"MORF4L2"	1.70211052510907	4.78252615746586e-08	18762.1666666667	64884	31935.2813571839
"GNL3L"	"GNL3L"	-1.70113304820098	4.84583469463639e-08	111215.583333333	35474	189192.504283283
"ABHD8"	"ABHD8"	1.7004116800039	4.90196132771645e-08	59387.6666666667	191128	100983.482048179
"OSCP1"	"OSCP1"	-1.7002746324679	4.9547715857195e-08	10392.8333333333	3376.83333333333	17670.6708761334
"UIMC1"	"UIMC1"	1.69638527991565	5.29949693365143e-08	160499.083333333	546658.416666667	272268.282406622
"RELA"	"RELA"	1.69375362581362	5.5917427759086e-08	24252.8333333333	77171.3333333333	41078.3243945867
"CRY1"	"CRY1"	-1.69011310044653	6.01638198726276e-08	81963.75	26727.8333333333	138528.007636724
"ESRP1"	"ESRP1"	-1.68886365960771	6.15306491628083e-08	145044.083333333	46196.75	244959.681382779
"ELP2"	"ELP2"	-1.68816535594245	6.224840217412e-08	117377.666666667	36978.8333333333	198152.910428027
"HSPA14"	"HSPA14"	1.68679095572603	6.50529967555002e-08	2100.08333333333	6862.75	3542.40157293764
"FAM114A1"	"FAM114A1"	-1.68284320049148	6.90977082366664e-08	576350.833333333	190574.833333333	969908.080972599
"RCL1"	"RCL1"	-1.68246185687292	6.96326931627175e-08	39574.6666666667	12671.5833333333	66582.8671651269
"ZNF341"	"ZNF341"	-1.67813220258761	7.55352502320615e-08	327846.416666667	115173	550169.629311288
"ZNF207"	"ZNF207"	1.67831231776137	7.55352502320615e-08	13309.75	44480.4166666667	22337.9173713245
"THBS3"	"THBS3"	-1.67709277034543	7.69633888777672e-08	234112.083333333	77624.25	392627.682408841
"CAMK2B"	"CAMK2B"	-1.67734127349965	7.69742358389213e-08	14700.5833333333	4746.66666666667	24657.8951695211
"IFITM1"	"IFITM1"	-1.67538298225259	7.93415537836057e-08	72322.4166666667	23702.75	121167.746118714
"RASGEF1A"	"RASGEF1A"	-1.67447621647655	8.05141552121536e-08	301219.583333333	92880	504385.028228643
"DYNC1LI1"	"DYNC1LI1"	1.674023384904	8.10736957373482e-08	35181.8333333333	117124.666666667	58895.2117237949
"ALDH18A1"	"ALDH18A1"	-1.67224343528159	8.38053236555864e-08	489598.25	162253.416666667	818727.459487856
"CYB5R2"	"CYB5R2"	1.67092894594878	8.64800552706527e-08	5324.91666666667	17647.8333333333	8897.55739309842
"AK2"	"AK2"	-1.66805696176198	9.20027261655477e-08	10933.8333333333	3411.25	18238.2568104118
"KIAA1257"	"KIAA1257"	1.66542603491047	9.74480462623721e-08	2218.41666666667	7341.5	3694.60887294596
"IL15"	"IL15"	-1.66409024198309	9.80738789029408e-08	1815334.5	566642.416666667	3020880.42738526
"UHRF1BP1"	"UHRF1BP1"	-1.6647229236069	1.00026909244145e-07	2488.58333333333	923.833333333333	4142.80172230607
"POLD1"	"POLD1"	-1.66247911319504	1.00976853509327e-07	57504.6666666667	19526.1666666667	95600.3072445766
"UBA1"	"UBA1"	1.66211867257814	1.01379797748572e-07	23120.4166666667	71508.25	38428.8762594535
"NQO1"	"NQO1"	-1.66115416996662	1.0375325302919e-07	16787.6666666667	5559.66666666667	27886.902487343
"MSTO1"	"MSTO1"	-1.6605326556288	1.04115053098309e-07	82929.5	28162.1666666667	137707.142864969
"APH1B"	"APH1B"	1.65650978430462	1.12502519087329e-07	26001.5	86427.4166666667	43071.7391565965
"NBPF14"	"NBPF14"	-1.65695374822235	1.12502519087329e-07	13911	4453	23049.8835915211
"SLC30A4"	"SLC30A4"	-1.65634040908546	1.12651910865086e-07	46749.5833333333	15778.5	77433.2239829083
"LHFPL2"	"LHFPL2"	1.65484040684705	1.15331652496779e-07	39730.8333333333	128198.833333333	65748.1883977058
"LAG3"	"LAG3"	-1.6551302469776	1.15331652496779e-07	21230.0833333333	6619.16666666667	35138.553070855
"DCPS"	"DCPS"	1.65462087692109	1.15634848922954e-07	18879.6666666667	61182.75	31238.6906159778
"CACNA2D1"	"CACNA2D1"	1.6539173227882	1.16736690767555e-07	555172.416666667	1884847.08333333	918209.277059189
"KPTN"	"KPTN"	-1.65363868742092	1.16950979441475e-07	913712.333333333	329213.5	1510950.06357364
"STX5"	"STX5"	1.65360834785567	1.16950979441475e-07	24436.8333333333	77089.9166666667	40408.9515951578
"PADI2"	"PADI2"	-1.65319017475096	1.17576160871942e-07	84773.1666666667	29030.3333333333	140146.166215859
"HDAC8"	"HDAC8"	1.65036547915566	1.25981859839619e-07	2759.66666666667	8904.91666666667	4554.45860064324
"TBL1X"	"TBL1X"	-1.64850542994024	1.28652153671602e-07	412364.833333333	139068.916666667	679785.666866401
"TSSK4"	"TSSK4"	-1.64815431013701	1.29443159140157e-07	53571.3333333333	18493.0833333333	88293.8239331199
"MAP1A"	"MAP1A"	-1.64682439223184	1.32554163059637e-07	88335.3333333333	28885.0833333333	145472.781629264
"CDCA4"	"CDCA4"	-1.6460931515561	1.34267819337903e-07	65507.4166666667	21119.4166666667	107831.309951132
"WWP2"	"WWP2"	-1.65165891694538	1.3659937523409e-07	952.75	299.75	1573.61803311971
"CUL9"	"CUL9"	-1.64383968648072	1.39699394014849e-07	108781.583333333	34610.3333333333	178819.483841543
"POLR3GL"	"POLR3GL"	1.64124225626128	1.47454494552849e-07	8808.33333333333	29951.3333333333	14456.6088739014
"MDM2"	"MDM2"	-1.63728633491761	1.598164599566e-07	20031.5833333333	6562.5	32797.43765843
"FHOD3"	"FHOD3"	-1.63237661937587	1.75406674608461e-07	72667.1666666667	24067.5	118620.183862956
"AASS"	"AASS"	-1.63293446016841	1.76596398691544e-07	5396	1778.58333333333	8811.31434706872
"PLD1"	"PLD1"	1.63082761366098	1.80542610628381e-07	8652.66666666667	27364.25	14111.0077318039
"HNRNPL"	"HNRNPL"	-1.63042526038719	1.81306074023877e-07	36956.75	12080.4166666667	60255.2187418141
"SMO"	"SMO"	-1.62578004862521	1.98203667036768e-07	206103.833333333	76529.0833333333	335079.50017851
"PFKP"	"PFKP"	-1.62437345930185	2.03801446662164e-07	53385.5833333333	17751.8333333333	86718.124676014
"CACYBP"	"CACYBP"	-1.62356701072765	2.06244580659726e-07	167145.333333333	59970.9166666667	271371.649197076
"ZFC3H1"	"ZFC3H1"	1.62335902178496	2.06456346954043e-07	122221.75	379052.166666667	198409.780520846
"SNORD104"	"SNORD104"	1.6222226438778	2.10644301207087e-07	1038529.33333333	3241279.83333333	1684725.80086465
"TMEM100"	"TMEM100"	1.61973945865136	2.20270679955335e-07	217163.416666667	713366.083333333	351748.154950546
"PAN2"	"PAN2"	-1.61971390787813	2.20270679955335e-07	47376.75	16608.4166666667	76736.7808850653
"GBF1"	"GBF1"	-1.62006079890707	2.20270679955335e-07	18838.9166666667	6409.25	30520.1903855437
"ARID4B"	"ARID4B"	-1.62005237472663	2.20689588153124e-07	9253.91666666667	3074.33333333333	14991.8296713557
"TRIM28"	"TRIM28"	1.61822248500351	2.25669512892916e-07	26284.0833333333	85063.6666666667	42533.4946477061
"DCTN3"	"DCTN3"	-1.61699684729985	2.31233206469271e-07	33603.4166666667	11027.5833333333	54336.6188085033
"TMEM87B"	"TMEM87B"	-1.61683652088523	2.33668453169895e-07	9038.25	3020.75	14613.372684891
"CBR1"	"CBR1"	1.61403311193868	2.44126094854252e-07	12219.25	38797.3333333333	19722.2741030567
"SIN3A"	"SIN3A"	-1.61309044782674	2.48290859404219e-07	32680.8333333333	11032.5	52717.1400770177
"AKTIP"	"AKTIP"	1.60506184911702	2.91465283872174e-07	9633.58333333333	31679.0833333333	15462.4970786229
"R3HDM2"	"R3HDM2"	1.60379709945596	2.97244214326153e-07	57190.75	182611.583333333	91722.3589657108
"COL12A1"	"COL12A1"	-1.60366816501009	2.97669136813028e-07	53484.5	17666.5833333333	85771.3899714823
"NRSN2"	"NRSN2"	1.60323322894804	2.98832642008811e-07	288244	931002.666666667	462122.358844898
"MFF"	"MFF"	1.601892583087	3.07140215851563e-07	12426.6666666667	40299.6666666667	19906.1851658278
"TEX264"	"TEX264"	1.60102487471787	3.10959831997359e-07	53627.1666666667	172949.5	85858.4277939742
"SLC15A3"	"SLC15A3"	-1.59921953885348	3.2220979777591e-07	35361.9166666667	12897.1666666667	56551.4680646417
"IPP"	"IPP"	1.59794170736324	3.3028253124649e-07	8517.75	25523.75	13610.8679778932
"ZSCAN5A"	"ZSCAN5A"	-1.59730778819463	3.3332341659191e-07	35053.75	11818.6666666667	55991.6278804277
"PLAGL2"	"PLAGL2"	1.59684017373397	3.34957814518201e-07	26666.5	81164.3333333333	42582.138492877
"CBR3"	"CBR3"	1.59645924796972	3.36144283913636e-07	3056900.91666667	9638541.08333333	4880217.7385396
"EIF3B"	"EIF3B"	1.5960380556478	3.38445566595762e-07	36800.75	116623.166666667	58735.3974763807
"SLC41A1"	"SLC41A1"	-1.59224183875649	3.65568941318433e-07	26218.25	9189.33333333333	41745.7945889773
"MNS1"	"MNS1"	1.5896252536265	3.8555375694595e-07	5161.41666666667	16140.6666666667	8204.71827782205
"EIF3J"	"EIF3J"	-1.58918108646159	3.8963595481856e-07	10892.5	3652.08333333333	17310.1549842828
"ARPC1B"	"ARPC1B"	1.5879639901683	3.94407752620354e-07	16751.6666666667	52399.3333333333	26601.0434419693
"BRMS1"	"BRMS1"	-1.5858785438918	4.09558673639657e-07	149432.083333333	53189.5833333333	236981.134727385
"MOCS1"	"MOCS1"	-1.58490729581452	4.15640120179403e-07	230991.25	81226	366099.717394315
"AKAP7"	"AKAP7"	-1.5853753788942	4.15640120179403e-07	9124.25	3284.75	14465.3613008754
"MAP3K7"	"MAP3K7"	1.58466125304657	4.16888580836278e-07	20078	64965.25	31816.828638669
"NOX1"	"NOX1"	-1.58280907270975	4.31181622838091e-07	78264.3333333333	29390.5833333333	123877.49686958
"NCAM1"	"NCAM1"	-1.58088817155244	4.46412403591599e-07	1648423.5	574778.333333333	2605973.21285907
"PCDHB10"	"PCDHB10"	1.57954691829145	4.58592776478609e-07	13581.0833333333	39019.75	21451.958326226
"MRM1"	"MRM1"	1.57877819096742	4.64610313167054e-07	12669.3333333333	38745.5833333333	20002.0671607632
"FAM161A"	"FAM161A"	1.57833050796695	4.66230134956878e-07	219429.25	704832.083333333	346331.879615308
"PANK1"	"PANK1"	1.5774995640212	4.73100554810614e-07	49551.3333333333	151522.166666667	78167.2067300027
"IPO8"	"IPO8"	-1.57628728716606	4.83347505611422e-07	193891.75	66022.75	305629.10061138
"CYP2E1"	"CYP2E1"	1.5760571071075	4.86763546060292e-07	6632.75	18930.0833333333	10453.5927771673
"CABP1"	"CABP1"	-1.5722805612671	5.22118672636629e-07	33767.8333333333	12302	53092.5079461072
"NIPAL2"	"NIPAL2"	1.56765492323584	5.71921396912089e-07	8490.25	25898	13309.7822120031
"RASSF8"	"RASSF8"	1.56535662276629	5.94772594756035e-07	62589.4166666667	189877.666666667	97974.7578942454
"TTLL4"	"TTLL4"	-1.56490499313702	6.00164340952966e-07	32925.3333333333	11600.9166666667	51525.0185340341
"ACVR2B"	"ACVR2B"	-1.56087453448302	6.48058380284471e-07	40327.8333333333	14984.75	62946.6880808754
"SUMF1"	"SUMF1"	-1.560184679437	6.58155446729753e-07	17671.4166666667	6130.75	27570.673547281
"ZNF688"	"ZNF688"	1.55931803826437	6.63743977739626e-07	53858.1666666667	147161.083333333	83982.0107911821
"DOLK"	"DOLK"	-1.55586630208422	7.1082923944505e-07	30659	10781.75	47701.3049556001
"ZNF677"	"ZNF677"	-1.55434169473427	7.39593495707368e-07	7174.66666666667	2545.33333333333	11151.8835458201
"PTGES"	"PTGES"	-1.5528208872115	7.49639551586148e-07	69898.3333333333	25017.1666666667	108539.591981272
"PEX13"	"PEX13"	-1.55233057686657	7.54206251252797e-07	271993.25	99995.5833333333	422223.438676312
"KALRN"	"KALRN"	-1.55005385267733	7.88260567498809e-07	47484.25	17330.1666666667	73603.1446539934
"ZFPM2"	"ZFPM2"	1.5503550517011	7.92612722788767e-07	2316.91666666667	7046.58333333333	3592.04345853713
"SCMH1"	"SCMH1"	1.54871472317755	8.0412561849142e-07	57618.8333333333	169235.083333333	89235.1355156465
"EXOSC7"	"EXOSC7"	-1.54000410526391	9.53001681026525e-07	47001.8333333333	18047.8333333333	72383.0162882633
"SLC25A42"	"SLC25A42"	-1.53791957976138	9.88438657955654e-07	247515.083333333	88630.3333333333	380658.292944604
"GORAB"	"GORAB"	-1.53803924329581	9.88438657955654e-07	18758	7043	28850.5401257429
"CPAMD8"	"CPAMD8"	-1.5331679825115	1.08380823832215e-06	30185.8333333333	10469.4166666667	46279.953192095
"ECHDC1"	"ECHDC1"	-1.53253680636876	1.08978303602818e-06	559022.416666667	191404.166666667	856722.42912688
"PIR"	"PIR"	1.53251154259896	1.08978303602818e-06	23778	71393.3333333333	36440.0594599181
"LYL1"	"LYL1"	-1.53230501169347	1.09489739323697e-06	21195	8011.66666666667	32477.2047228431
"TMEM135"	"TMEM135"	-1.52845268778838	1.19093136571969e-06	5930.16666666667	2196	9063.9791806997
"AP1S3"	"AP1S3"	-1.52428567700665	1.27173732078728e-06	37995.5833333333	13972.8333333333	57916.1234645126
"ARID2"	"ARID2"	-1.52006990803608	1.37485480658889e-06	93902.0833333333	32893	142737.731176896
"NDUFS3"	"NDUFS3"	-1.51598964442179	1.49293232084322e-06	14260.75	5290.58333333333	21619.149321688
"ADAT1"	"ADAT1"	1.51303745691618	1.56336810294941e-06	49062.1666666667	140753.666666667	74232.895884131
"KLF6"	"KLF6"	-1.51329719187271	1.56336810294941e-06	18739.4166666667	6804.5	28358.3066189993
"MRPS10"	"MRPS10"	-1.51394656708336	1.57479350427749e-06	3930.25	1372.91666666667	5950.18849527938
"HAT1"	"HAT1"	1.51196562744746	1.610819605011e-06	2322	6639.66666666667	3510.78418693301
"SEPT7"	"SEPT7"	1.51083229479097	1.62063174934915e-06	29345	84868.5	44335.373690641
"PSME2"	"PSME2"	1.50591207878488	1.7770103851772e-06	44522.5	121974.166666667	67046.9705276998
"CD226"	"CD226"	1.50466377525285	1.81610704254484e-06	40003.75	119845.833333333	60192.1934992714
"SERTAD4"	"SERTAD4"	1.50299398313076	1.92001767809185e-06	1324.25	4230.16666666667	1990.3397821609
"SRF"	"SRF"	1.50128549948595	1.94360051225036e-06	4119.91666666667	11972	6185.17115075716
"PRF1"	"PRF1"	1.50054568622444	1.94916734955554e-06	18077.5833333333	49725	27126.2396881961
"ADRA2B"	"ADRA2B"	-1.50103745813792	1.94916734955554e-06	11643.8333333333	4232.5	17477.8299896483
"CCDC36"	"CCDC36"	1.49915150941375	1.99542896277205e-06	41480.6666666667	118602.25	62185.8040448218
"WWC3"	"WWC3"	-1.49789206923961	2.03904370401212e-06	158783.75	57659.8333333333	237840.919849124
"CDR2"	"CDR2"	1.49709097919379	2.06499463097486e-06	118457.416666667	351217.333333333	177341.529910267
"FASTKD3"	"FASTKD3"	-1.49642405546258	2.0864123019559e-06	601171.666666667	224065.166666667	899607.74346253
"OMA1"	"OMA1"	1.49580480753195	2.10667193532009e-06	126823.583333333	402801.5	189703.325658428
"FAM160B2"	"FAM160B2"	-1.4928502238843	2.22515817749562e-06	159949.75	56066.5833333333	238781.020097738
"POLR3D"	"POLR3D"	-1.49142645885742	2.28041211689542e-06	233266	96672	347899.084351835
"NOL9"	"NOL9"	1.48971173212024	2.35151457769927e-06	64619.5833333333	192180.666666667	96264.5514163883
"MMP9"	"MMP9"	1.48954827089803	2.35344504482172e-06	61638	180051.25	91812.776321613
"TKT"	"TKT"	1.48902741987247	2.37172763960953e-06	52237.5	152659.75	77783.0698455882
"GRK6"	"GRK6"	1.48832476348081	2.39736119249957e-06	113130.083333333	318363	168374.304519647
"SLC9A7"	"SLC9A7"	-1.48754261013408	2.42785772225691e-06	302971.5	116499.916666667	450683.015906237
"AGPAT5"	"AGPAT5"	-1.487189118226	2.44813255919175e-06	26171.9166666667	9363.58333333333	38922.5896697844
"ANAPC5"	"ANAPC5"	1.48556084036782	2.51016542046679e-06	86438.5	248943.166666667	128409.650700134
"OPN1SW"	"OPN1SW"	-1.48534083315045	2.5295506777744e-06	15192.4166666667	5773.25	22565.9168292354
"CCR1"	"CCR1"	-1.48475599796783	2.53642104816389e-06	2530986.33333333	883279.666666667	3757897.13919127
"FLT3LG"	"FLT3LG"	-1.48183047791155	2.67751044067845e-06	129883.916666667	50623.1666666667	192465.94630719
"PTCD2"	"PTCD2"	-1.47902369344715	2.81600397927839e-06	3104883.25	1171562	4592195.89213718
"PIAS1"	"PIAS1"	1.47960608566467	2.82411920468027e-06	2141.25	5994.33333333333	3168.20653092948
"UGP2"	"UGP2"	-1.47887815255519	2.82858707729499e-06	15577.5833333333	5761.25	23037.3476612746
"NUP62"	"NUP62"	1.47798936338193	2.85445168008994e-06	46283.1666666667	127411.333333333	68406.0280369663
"PDLIM3"	"PDLIM3"	1.47667059410046	2.91884534400547e-06	42488.0833333333	124463.083333333	62740.9032580232
"OXR1"	"OXR1"	-1.47680177986539	2.91884534400547e-06	20183.0833333333	7633.08333333333	29806.4133898382
"RPL18A"	"RPL18A"	-1.4749984712527	2.98990621000118e-06	63006.1666666667	23649.0833333333	92933.9995128262
"TMCO4"	"TMCO4"	1.47512290896686	2.98990621000118e-06	43702.0833333333	117342	64465.9442945789
"TTC23"	"TTC23"	-1.47559676584286	2.98990621000118e-06	7767.33333333333	2918.66666666667	11461.4519458901
"ACADSB"	"ACADSB"	1.47538765586448	2.99044131622391e-06	3179.5	10297.75	4690.99505182112
"NFIC"	"NFIC"	1.47462969549356	2.99494859521432e-06	55885.8333333333	159079.083333333	82410.9093907375
"PPP1R13L"	"PPP1R13L"	-1.47387610264396	3.03235975844839e-06	98837.5	36106.5	145674.229295072
"MAPK10"	"MAPK10"	1.47310502423062	3.06918169497802e-06	54934.4166666667	148842.583333333	80924.1651948448
"CDC40"	"CDC40"	1.4729677080895	3.06985251377167e-06	76985.5833333333	220985.75	113397.278238433
"TLR2"	"TLR2"	1.47243559912941	3.09468338523376e-06	53033.0833333333	154097	78087.7998315965
"PRMT7"	"PRMT7"	1.4721809194589	3.10342638184925e-06	41883	117237.166666667	61659.3534496972
"VCAN"	"VCAN"	1.46712200442739	3.40601823780514e-06	88926.4166666667	254623.583333333	130465.902666546
"HBEGF"	"HBEGF"	1.46602690431217	3.47946747384899e-06	10415.3333333333	29829.25	15269.158884046
"MBD5"	"MBD5"	1.46601029567266	3.52098523421611e-06	2151	6336.25	3153.38814599189
"FIZ1"	"FIZ1"	-1.46521530089541	3.52798877460928e-06	14273.6666666667	5536.91666666667	20913.9947998808
"IQSEC2"	"IQSEC2"	1.46369540288492	3.6410217423725e-06	3255.91666666667	9710.75	4765.6702571764
"DGUOK"	"DGUOK"	-1.46183723211748	3.76237591143592e-06	8519.5	3276.41666666667	12454.1222990249
"CASP10"	"CASP10"	-1.45913400062224	3.91886612699482e-06	32333.6666666667	12056.8333333333	47179.1523981194
"FAM149B1"	"FAM149B1"	-1.45792152023999	3.99338965803964e-06	54486.8333333333	21818.75	79437.5268863963
"PIK3CB"	"PIK3CB"	-1.4556079450888	4.16635818497872e-06	34669.25	13265.5833333333	50464.8357502697
"NUP153"	"NUP153"	1.45282077689113	4.3824987240271e-06	12475.6666666667	34141.9166666667	18124.9077389014
"ISYNA1"	"ISYNA1"	1.45180837904399	4.44568538680257e-06	93782.5833333333	275767.75	136154.340291725
"GOLT1A"	"GOLT1A"	1.45150217409534	4.46352674788112e-06	44168.25	128893.916666667	64110.3109009867
"WDR35"	"WDR35"	-1.45102521618997	4.52058552344575e-06	14931.0833333333	5645.08333333333	21665.3784217005
"CASP6"	"CASP6"	1.44828564317069	4.71673554139773e-06	778376.583333333	2155044.41666667	1127311.63062192
"GATA2"	"GATA2"	1.44667106942138	4.85087153549406e-06	866518.75	2508683.58333333	1253567.60673618
"CDCP1"	"CDCP1"	-1.44528222032633	4.98191234639338e-06	35367.0833333333	13235.5833333333	51115.4167264664
"DOK3"	"DOK3"	-1.44425467276816	5.10744629640233e-06	9762.25	3583.25	14099.175179231
"RABGEF1"	"RABGEF1"	-1.44254582248139	5.20644762996283e-06	611794.75	228195.916666667	882541.960828545
"DNAJB12"	"DNAJB12"	1.44168549158283	5.2809003724454e-06	80646.4166666667	229228.916666667	116266.768856477
"ARGLU1"	"ARGLU1"	1.44136718637439	5.3002275885966e-06	128825.166666667	366238.166666667	185684.368012545
"USP10"	"USP10"	-1.44059473219655	5.37072101313901e-06	82671.1666666667	31507.4166666667	119095.647204543
"PDGFA"	"PDGFA"	1.43928352930792	5.47472554270315e-06	234360.5	724866.333333333	337311.207570368
"ZNF512"	"ZNF512"	-1.43933012829038	5.47472554270315e-06	155373.5	63322.4166666667	223633.759687926
"ANKS3"	"ANKS3"	-1.43783684663961	5.63132837138695e-06	27458.5	10302.0833333333	39480.8430534538
"ARRDC3"	"ARRDC3"	1.43551181247352	5.84853164480312e-06	129064.083333333	351673.166666667	185273.016191067
"CHMP4B"	"CHMP4B"	-1.43532757726539	5.86656942469742e-06	40085.75	15970.8333333333	57536.182430366
"DGKI"	"DGKI"	1.43499592740249	5.88418497025983e-06	38017.8333333333	105386.5	54555.436002
"ARF1"	"ARF1"	1.4344227598083	5.9729297091654e-06	4656.75	13170.5833333333	6679.74818673731
"PPL"	"PPL"	1.43159266306663	6.2527132684133e-06	12497.5833333333	34941	17891.4486060638
"CDK19"	"CDK19"	1.43083445882561	6.32191044865053e-06	20550.5833333333	56938.3333333333	29404.4827823005
"ZNF841"	"ZNF841"	-1.42858764470384	6.56998690616584e-06	140089.083333333	54456.4166666667	200129.533607886
"UBR2"	"UBR2"	-1.42538537697119	6.95378554680237e-06	230313.25	90711.5833333333	328285.13867271
"VAMP2"	"VAMP2"	1.4249781213555	7.00910344857845e-06	11548.3333333333	31077	16456.1223381204
"ARHGEF1"	"ARHGEF1"	-1.42420111912741	7.07746382429411e-06	430126.583333333	171764.333333333	612586.76134978
"MRC1"	"MRC1"	-1.42457752283433	7.08759832370795e-06	8762.41666666667	3351.91666666667	12482.7418290422
"C20orf194"	"C20orf194"	-1.42339841018977	7.18821514259215e-06	18387.8333333333	7065.75	26173.2127335012
"CXXC5"	"CXXC5"	1.42211079503227	7.32239080082065e-06	18476.75	47085.4166666667	26275.9856321124
"TNPO3"	"TNPO3"	-1.42122692041444	7.43914291657094e-06	29121.1666666667	11037.0833333333	41387.7860205424
"KIF16B"	"KIF16B"	1.41581506374139	8.17480327476477e-06	239701.416666667	714735.666666667	339372.876516818
"DTX2"	"DTX2"	1.41537685614857	8.23168229123917e-06	31138.5	83648.5	44072.7122351822
"ZMIZ1"	"ZMIZ1"	-1.41384095202716	8.44167830895797e-06	1484739	557438.833333333	2099184.80127185
"SOX15"	"SOX15"	-1.41233822630827	8.660742728745e-06	538543.583333333	213577	760605.689274699
"ZNF740"	"ZNF740"	-1.41217558796484	8.68884365929088e-06	36930.8333333333	14807.1666666667	52152.8212765315
"RHOF"	"RHOF"	1.41084870894506	8.86443437387456e-06	312691.25	876693.416666667	441160.046360916
"PDE7B"	"PDE7B"	-1.41021067233273	8.9626842340475e-06	68306.5833333333	25613.5833333333	96326.6728072519
"SELE"	"SELE"	-1.40974745395088	9.0122845124675e-06	38532.1666666667	15180.1666666667	54320.6238535442
"JRKL"	"JRKL"	1.409895253591	9.0122845124675e-06	6656.16666666667	19050	9384.49779044395
"DZIP1"	"DZIP1"	1.4088430256203	9.12232331937757e-06	663784.833333333	1726777.5	935168.632954198
"DHX16"	"DHX16"	1.40870919851119	9.12700181587112e-06	343955.833333333	976038.166666667	484533.74629825
"FUNDC2"	"FUNDC2"	1.40809368046733	9.21968593429109e-06	35911.1666666667	99837.6666666667	50566.2868415425
"DNAJB11"	"DNAJB11"	-1.40783681426529	9.29731784039119e-06	13421.8333333333	5241.66666666667	18895.7510815997
"ZBED3"	"ZBED3"	-1.40718414519064	9.32914979013498e-06	2167781.83333333	831785.583333333	3050468.22609897
"ATG4D"	"ATG4D"	1.40711851930547	9.38117692440068e-06	5161.25	13981.8333333333	7262.49045776535
"PDE9A"	"PDE9A"	1.40629590878712	9.44718000153815e-06	105052.25	293280.916666667	147734.549383881
"GMIP"	"GMIP"	-1.40583642740753	9.54356621735791e-06	16900.0833333333	7251.25	23758.7527762229
"SAAL1"	"SAAL1"	1.40457996319897	9.70681182561601e-06	1810835.08333333	4875514.58333333	2543462.67470773
"ILDR1"	"ILDR1"	1.40266988543438	1.00507153488759e-05	16643.4166666667	43940.1666666667	23345.21934907
"BRWD3"	"BRWD3"	1.40281085432062	1.00591807555233e-05	4386.83333333333	11700.3333333333	6153.89741609552
"PGBD1"	"PGBD1"	-1.40185064454754	1.01495301809304e-05	133582.083333333	52345.1666666667	187262.129620836
"MRPS18C"	"MRPS18C"	-1.40109031054038	1.02711563262272e-05	111037.166666667	44928.5833333333	155573.098326524
"GGT1"	"GGT1"	-1.40066607173352	1.03681812217491e-05	21182.25	8120.25	29669.2588979774
"CD3G"	"CD3G"	1.39970491882864	1.05156825647172e-05	11936.75	33502.25	16707.9276898277
"EPOR"	"EPOR"	-1.39896444182363	1.06108576727975e-05	271093.583333333	104356.666666667	379250.283489883
"PARP3"	"PARP3"	-1.4000074406529	1.06629653550595e-05	3543.41666666667	1357.41666666667	4960.80969866684
"CST3"	"CST3"	-1.39826343239159	1.09396099824656e-05	4300.25	1648.58333333333	6012.88232514195
"RAD9B"	"RAD9B"	1.3965001522317	1.10302413612011e-05	440676.333333333	1256197.16666667	615404.566584908
"MYO1G"	"MYO1G"	1.39498173735099	1.13213931933716e-05	70896	188462.666666667	98898.6252512361
"BLOC1S3"	"BLOC1S3"	1.39577444669645	1.1356566679967e-05	1699.08333333333	4514.75	2371.5370994745
"SLC9A3R2"	"SLC9A3R2"	1.39187192203215	1.19679916611685e-05	9140.5	22221.9166666667	12722.4053033349
"FNTB"	"FNTB"	1.39109321578879	1.2081951649428e-05	44842.1666666667	121259.583333333	62379.6338312703
"FZD5"	"FZD5"	1.39054525154426	1.21808263897989e-05	39488.9166666667	109834.083333333	54911.1255594601
"RAD21"	"RAD21"	1.3937121588655	1.21993671959077e-05	527.166666666667	1411.91666666667	734.718593081929
"SOX6"	"SOX6"	1.38982199158825	1.22872860078833e-05	134237.75	353184.5	186566.577051325
"VDAC2"	"VDAC2"	-1.38668461384717	1.2991541892569e-05	62929.6666666667	25736.3333333333	87263.6005211979
"ZNF263"	"ZNF263"	1.38518427795267	1.33080105280383e-05	1724367.16666667	4804041.75	2388566.28868446
"ZNF418"	"ZNF418"	1.38391424749957	1.36459606434318e-05	7873.08333333333	21122.25	10895.6721967514
"ZNF738"	"ZNF738"	-1.38320187941601	1.37795849925593e-05	29223.0833333333	11627.9166666667	40421.4237889972
"WDR31"	"WDR31"	1.38017105456245	1.44647536134817e-05	61462.5833333333	168543.75	84828.8784552992
"NLRX1"	"NLRX1"	1.38018849145587	1.44647536134817e-05	53525.9166666667	143055.166666667	73875.8541779591
"SURF1"	"SURF1"	-1.37976164287723	1.45386123646755e-05	728866.083333333	288994.25	1005661.46457749
"HOXB7"	"HOXB7"	-1.37594231654294	1.55417270732055e-05	1046013.5	437999.416666667	1439254.23832519
"FZD1"	"FZD1"	-1.37539872858	1.56033445023209e-05	162611.5	64673.5	223655.650352487
"SS18L2"	"SS18L2"	-1.37564625959822	1.56033445023209e-05	75514.5833333333	30928.0833333333	103881.354107618
"DLEU1"	"DLEU1"	1.37576089984478	1.56033445023209e-05	4233.91666666667	10811.5833333333	5824.85700320115
"CHCHD5"	"CHCHD5"	1.3757832272955	1.56033445023209e-05	3797.66666666667	10166.6666666667	5224.76610285923
"TRIM34"	"TRIM34"	-1.37419986543877	1.5915947030668e-05	38349.75	15932.3333333333	52700.2212896107
"ACOT13"	"ACOT13"	1.37280749206581	1.63301151202239e-05	7526.83333333333	20933.9166666667	10332.8931915307
"LILRB4"	"LILRB4"	-1.37195066187909	1.64826200465555e-05	341009.666666667	140330.583333333	467848.437890501
"TSPAN12"	"TSPAN12"	-1.37073069223956	1.68136527541578e-05	708676.75	290238.666666667	971404.97210158
"BCAR3"	"BCAR3"	1.36949474887324	1.71824493859728e-05	21764.3333333333	58430.1666666667	29806.1402127268
"XIAP"	"XIAP"	1.36913986175146	1.73471030033552e-05	4940.16666666667	13460.25	6763.77910702918
"SOX9"	"SOX9"	1.3662164303681	1.81287244017129e-05	146818.166666667	404567.416666667	200585.391576523
"NLRC3"	"NLRC3"	-1.36468996285762	1.85918889149731e-05	1705628.58333333	707450.5	2327654.20803807
"PACS2"	"PACS2"	-1.3649391478231	1.89958629455433e-05	3154.66666666667	1255.75	4305.92803166595
"FAM3C"	"FAM3C"	-1.36203226047196	1.95012422505894e-05	20114.9166666667	8067.16666666667	27397.1654167051
"FDXR"	"FDXR"	1.36084173426776	1.99979150144063e-05	3367.83333333333	9327.58333333333	4583.08815405809
"TCTE3"	"TCTE3"	-1.35997222880745	2.00761700580119e-05	579769.75	256288.25	788470.759102639
"FAM84A"	"FAM84A"	-1.35988469199144	2.01283975785189e-05	25989.25	10760.0833333333	35342.3832313384
"RAB4B"	"RAB4B"	1.35920735503782	2.02801525134404e-05	148591.5	417840.666666667	201966.659696102
"TAF1B"	"TAF1B"	-1.35820641495961	2.0636065332499e-05	54065.6666666667	21737	73432.3352957349
"ELF1"	"ELF1"	1.35744278634689	2.10234877690452e-05	3763.41666666667	9887.91666666667	5108.62280618434
"MB"	"MB"	1.35656589993657	2.11204909980821e-05	33150.6666666667	90793.4166666667	44971.063960164
"DERL3"	"DERL3"	-1.35671430328907	2.11204909980821e-05	24664.9166666667	9340.83333333333	33463.2452310996
"MOCS2"	"MOCS2"	1.35582282944726	2.13841638669913e-05	15104.3333333333	39196.25	20478.7999569145
"ZNF35"	"ZNF35"	1.35175682786466	2.29486916841957e-05	12743.5833333333	35050.9166666667	17226.2257822957
"ZMYND10"	"ZMYND10"	-1.35239712457096	2.30613991182166e-05	4263.58333333333	1713.41666666667	5766.05784036868
"NIPBL"	"NIPBL"	-1.35111031468869	2.30872568294941e-05	127426.416666667	53083.5833333333	172167.145922153
"NADK"	"NADK"	-1.34913351983485	2.38732702092479e-05	92542.4166666667	38399.4166666667	124852.076331523
"BAG4"	"BAG4"	-1.34965863297946	2.39161854121517e-05	7054.5	2705.66666666667	9521.16682635358
"TMCC1"	"TMCC1"	1.34756394225246	2.44494041851708e-05	58913.9166666667	155134.75	79390.2697968661
"DNAJA3"	"DNAJA3"	1.34712336985857	2.4600563703862e-05	46294	124443.666666667	62363.7292842327
"CORT"	"CORT"	1.34459589205028	2.57047610095032e-05	17782.0833333333	43602.1666666667	23909.7162020957
"SAP30"	"SAP30"	-1.34267036272014	2.65540824353095e-05	36322.4166666667	14842.9166666667	48769.0323607053
"GIMAP4"	"GIMAP4"	1.34167002048512	2.7033535642591e-05	7595.08333333333	20459.5	10190.0956114195
"ZZEF1"	"ZZEF1"	1.34113872620175	2.70940845985245e-05	333173.75	868522.583333333	446832.21867886
"KLF13"	"KLF13"	1.34103818409228	2.70940845985245e-05	54669.25	138186.5	73313.5517456871
"NF1"	"NF1"	-1.34212471445245	2.70940845985245e-05	4421.5	1764.75	5934.20442495152
"ERCC3"	"ERCC3"	-1.33961260010053	2.77878274826539e-05	31413.5	13396.25	42081.9204132581
"CYYR1"	"CYYR1"	-1.33869031342964	2.81349972774052e-05	172904.083333333	69059.3333333333	231465.021510764
"SNX12"	"SNX12"	-1.33678457487313	2.90336719636187e-05	378332.333333333	156094.416666667	505748.827375759
"NSUN7"	"NSUN7"	1.33515578171507	2.98666443104756e-05	18938.4166666667	49166.0833333333	25285.736509029
"ELF4"	"ELF4"	-1.33516541324243	2.99540941925684e-05	12807.3333333333	5264.5	17099.9085025336
"USP1"	"USP1"	1.33323296594641	3.09555699075618e-05	4368.08333333333	11800.4166666667	5823.67269800108
"LRRN1"	"LRRN1"	-1.33129700567795	3.17362298537956e-05	1442184.41666667	657272.666666667	1919975.79554373
"PGS1"	"PGS1"	1.33141953630102	3.20062927166336e-05	2579.25	6676.91666666667	3434.0638390044
"BOD1"	"BOD1"	-1.33013544598327	3.22747074078444e-05	10843407.75	4262921.58333333	14423201.0035247
"ZNF230"	"ZNF230"	-1.32580968483428	3.47808693041328e-05	78778.3333333333	32322.8333333333	104445.077288436
"LRRCC1"	"LRRCC1"	1.32517059359983	3.51003297646404e-05	40333.3333333333	102483.166666667	53448.547275193
"RGL3"	"RGL3"	-1.3244739369409	3.54431087610591e-05	1626947.41666667	668579.25	2154849.45014833
"IL17RA"	"IL17RA"	-1.32419440751114	3.56151311812899e-05	45598.5	19170.6666666667	60381.2786908967
"POLA1"	"POLA1"	1.32343131712478	3.59930196810168e-05	44063.8333333333	114072.583333333	58315.4569859
"ZMYM3"	"ZMYM3"	1.32429746503533	3.6369169804951e-05	1158.08333333333	3023.5	1533.646822633
"ARFGEF1"	"ARFGEF1"	1.32119510515859	3.7286794656051e-05	57498.9166666667	144519	75967.2872519214
"CCL28"	"CCL28"	-1.31863990969004	3.88977979435779e-05	478674.083333333	199228.5	631198.750017627
"TRIO"	"TRIO"	1.31844365934446	3.90298360100534e-05	16364.6666666667	44232.5833333333	21575.8910039522
"IQGAP1"	"IQGAP1"	1.31695175540854	3.99730577200294e-05	20078.1666666667	52258.5833333333	26441.9768370518
"ANKS1A"	"ANKS1A"	1.31646665270211	4.0182660716176e-05	517487.666666667	1344939.33333333	681255.25635129
"ZBTB39"	"ZBTB39"	-1.31512918238256	4.10583788304658e-05	616603.25	247848.083333333	810912.928026928
"RCBTB1"	"RCBTB1"	1.31438667702506	4.15275802418453e-05	93513.1666666667	238459.083333333	122912.460393091
"PRPSAP1"	"PRPSAP1"	-1.314911326972	4.15947552292942e-05	6309.5	2637.25	8296.43301752986
"RNFT2"	"RNFT2"	1.31351574358775	4.20093004007843e-05	195729.916666667	513130.083333333	257094.327032785
"SAE1"	"SAE1"	-1.31205146526674	4.30203760858721e-05	295619.166666667	119128.75	387867.560785933
"GSTM2"	"GSTM2"	1.3110551521797	4.37595176385188e-05	17766.0833333333	46895.5	23292.3150882206
"NEURL4"	"NEURL4"	1.31081271087681	4.38132786305906e-05	63757.25	168513.5	83573.8137105507
"CD163L1"	"CD163L1"	1.30980548976427	4.51865963650065e-05	2070.58333333333	5412.25	2712.0614170144
"FGD1"	"FGD1"	1.30680179931679	4.70022494976591e-05	6302.58333333333	16363.3333333333	8236.22724034402
"GUK1"	"GUK1"	-1.3055656142205	4.77164666695901e-05	226219.083333333	92809.4166666667	295343.856480481
"PNMA2"	"PNMA2"	-1.30540065073326	4.78029795294753e-05	86110.5833333333	34959.3333333333	112408.811518354
"TMEM37"	"TMEM37"	1.30468880764652	4.82686906766845e-05	299834.666666667	751169.75	391190.933744425
"ILF2"	"ILF2"	1.30269794473361	4.98702135294517e-05	183932.916666667	476735.083333333	239609.032510525
"EFR3A"	"EFR3A"	1.30109828247376	5.11746595986761e-05	187337.916666667	500885.833333333	243745.041617212
"ZNF331"	"ZNF331"	1.3007083117796	5.15444721244635e-05	13503.0833333333	34399.4166666667	17563.5727263192
"GREB1L"	"GREB1L"	-1.30044928711084	5.15799493220282e-05	384977.833333333	159173.666666667	500644.14891181
"APPBP2"	"APPBP2"	-1.29865644480893	5.31202718820891e-05	126606.583333333	54979.6666666667	164418.455401073
"POR"	"POR"	1.29795568368249	5.37800026638304e-05	12470.4166666667	31292.8333333333	16186.0481903889
"CMTM8"	"CMTM8"	1.29557229599139	5.66515310689415e-05	1973.33333333333	5120.16666666667	2556.59599742302
"CLIC5"	"CLIC5"	1.29465841268566	5.68278077822339e-05	6646.66666666667	16643.3333333333	8605.16291631735
"TBC1D1"	"TBC1D1"	-1.29577761994042	5.75317076734108e-05	2028.41666666667	858.166666666667	2628.37692058082
"KLHDC7A"	"KLHDC7A"	1.29222551678227	5.90081228039931e-05	8047.83333333333	21282.5	10399.6155881443
"PCDHGA11"	"PCDHGA11"	1.28840152335316	6.26533433346291e-05	165994.166666667	434353	213867.137201072
"LAMB2"	"LAMB2"	-1.28807668919775	6.29345199349153e-05	85182.0833333333	35930.8333333333	109721.055878967
"MYLK"	"MYLK"	-1.28819282991159	6.29345199349153e-05	16230.5833333333	6963.25	20908.1210752825
"RAB3A"	"RAB3A"	1.2875276694367	6.32864316688787e-05	142072	405569.083333333	182921.631052211
"ADAMTS12"	"ADAMTS12"	-1.28321920225075	6.78639676781874e-05	1641959.08333333	666150	2106993.42504338
"PNO1"	"PNO1"	1.28325105992146	6.78639676781874e-05	98910.6666666667	249769.5	126927.217837539
"ZFAND6"	"ZFAND6"	-1.2822336007991	6.92886905502631e-05	15791.25	6256.41666666667	20248.0713486188
"OTUB2"	"OTUB2"	1.28239074121753	6.98347504340857e-05	1713.83333333333	4274.66666666667	2197.80399865664
"TSPAN17"	"TSPAN17"	-1.28069143628384	7.05204979849562e-05	171091.916666667	76178.6666666667	219115.952492389
"CPSF4"	"CPSF4"	-1.28029414399062	7.07600576923614e-05	607991.833333333	262562.75	778408.383810785
"SLC25A15"	"SLC25A15"	-1.2804713843052	7.07600576923614e-05	21959.25	9259.58333333333	28118.1912458039
"SLC43A1"	"SLC43A1"	1.2774359780118	7.41483097748196e-05	125515.416666667	311127.083333333	160337.909045141
"SF3B4"	"SF3B4"	1.27730867339771	7.42873312740361e-05	19682.5833333333	47070.0833333333	25140.7344065398
"PRPF40A"	"PRPF40A"	1.27797854522553	7.43250073282854e-05	1944.75	4686	2485.34877582735
"KIF3B"	"KIF3B"	1.27113097931772	8.20901920996739e-05	86461.9166666667	208558.416666667	109904.420806187
"DNALI1"	"DNALI1"	1.27091474944544	8.25148632272333e-05	8830.91666666667	21272.5	11223.3422427902
"ZNRD1"	"ZNRD1"	-1.26769696166214	8.73151053357668e-05	11618.25	4694.33333333333	14728.4202248312
"SLC1A4"	"SLC1A4"	1.26644022074575	8.85932725764123e-05	11693.4166666667	29070.9166666667	14809.0131846053
"VWA5B2"	"VWA5B2"	1.2650647403677	9.04275210892574e-05	21082.4166666667	53764.75	26670.6219667404
"KRT18"	"KRT18"	-1.26418873061041	9.1499672479481e-05	738262.5	337996.166666667	933303.132732268
"TMCO3"	"TMCO3"	-1.26357867894891	9.2180488628777e-05	153369.166666667	69750.8333333333	193794.009008162
"NUP205"	"NUP205"	1.26363599661047	9.2180488628777e-05	23968.5833333333	62382.25	30287.5646877578
"GIMAP8"	"GIMAP8"	1.26344870766682	9.22836087955109e-05	32424.25	83604.25	40966.3767595659
"BCOR"	"BCOR"	1.26318421116878	9.2482791323025e-05	140831.75	329944.583333333	177896.443031269
"POC1B"	"POC1B"	1.26280134327443	9.29311729241626e-05	146497.166666667	353617.083333333	184996.818852564
"FLYWCH1"	"FLYWCH1"	-1.26265894475097	9.30243460649546e-05	209679.5	88446	264753.696205912
"CCNT1"	"CCNT1"	-1.25738979728043	0.000101419794567813	384336.5	159248.333333333	483260.793822469
"NIP7"	"NIP7"	-1.25612678185109	0.000103614316560033	33464.6666666667	14840.4166666667	42035.8640457194
"SCLT1"	"SCLT1"	1.25571932736549	0.000104110277532771	18322.4166666667	45280.0833333333	23007.8127323769
"LGALS1"	"LGALS1"	-1.25522082673143	0.000104918517635734	28831.6666666667	12134.5833333333	36190.1084693784
"SYT9"	"SYT9"	-1.2549371266449	0.000105059506591143	98818.4166666667	42678.6666666667	124010.899871265
"HSPD1"	"HSPD1"	1.25363814968125	0.000107128389151737	184719.333333333	455744.75	231571.203250355
"DPF2"	"DPF2"	-1.25315202639628	0.000107849465941252	230270.583333333	101464.25	288564.048123621
"SCUBE3"	"SCUBE3"	1.25236581899975	0.00010920498022038	22252.4166666667	53160.6666666667	27868.1660234737
"MAP3K11"	"MAP3K11"	1.25218489622806	0.00010926193042013	92496.6666666667	222545.416666667	115822.928951441
"ZNF471"	"ZNF471"	-1.25145676785219	0.000110514263340767	60193.0833333333	27124.8333333333	75329.0415153907
"PUS10"	"PUS10"	1.24843345477362	0.000116009121103619	31957.5	78163.75	39896.8121309279
"EBI3"	"EBI3"	-1.24791491184301	0.000117008148479835	30932.75	13345.0833333333	38601.439989312
"POLN"	"POLN"	1.24730846011379	0.00011774456874916	154142.5	369045.333333333	192263.24431309
"EMG1"	"EMG1"	-1.24833551025135	0.000117783459909767	3857.41666666667	1659	4815.35020283538
"HOPX"	"HOPX"	-1.24584282748109	0.000120480498028071	39803.25	17075.3333333333	49588.5935229368
"ARRB1"	"ARRB1"	1.24411293919757	0.000123596274597948	97055.25	238789	120747.692342055
"ZNF577"	"ZNF577"	1.24421716799123	0.000124084023306101	3760.66666666667	9076.91666666667	4679.086029759
"POMP"	"POMP"	-1.24314283363873	0.000126975903476681	4929.66666666667	2134.5	6128.27978889438
"SNX5"	"SNX5"	1.24113183266473	0.00012935797879287	26565.4166666667	64877.0833333333	32971.1842730021
"BRIX1"	"BRIX1"	-1.24049424333379	0.000130725329001502	21692.1666666667	10216.6666666667	26909.007875437
"THRSP"	"THRSP"	-1.23926397270375	0.000132929079627163	112951	51840	139976.104980861
"CBX5"	"CBX5"	-1.23738224558248	0.000136844522037749	2400082.58333333	1011945.66666667	2969819.57654839
"DYNC1LI2"	"DYNC1LI2"	1.23656044065638	0.000138831151093647	12246.8333333333	29232.4166666667	15143.9496233119
"IGSF9"	"IGSF9"	-1.23632398830742	0.000138866581067524	211118.25	102639.916666667	261010.556844483
"TRO"	"TRO"	1.23627493239918	0.000138899338209892	21122.25	46862.3333333333	26112.9081908685
"SIRT1"	"SIRT1"	-1.23791189307724	0.000138899338209892	2363	1040	2925.18580334152
"GTPBP10"	"GTPBP10"	1.23446855118443	0.000142908682454938	10114.3333333333	26314.9166666667	12485.8264161964
"LRRC1"	"LRRC1"	-1.23429811902574	0.000143692730084824	10051.5833333333	4339.83333333333	12406.6504015638
"KIF17"	"KIF17"	-1.23371514019218	0.000143854762344994	556334.583333333	250775.083333333	686358.398470841
"LYSMD1"	"LYSMD1"	-1.23241210454846	0.000146747511934454	649942.833333333	278636	800997.415064521
"PKP4"	"PKP4"	1.23188452500639	0.000147903790330112	36516.75	87279.5	44984.4192285269
"MRPS25"	"MRPS25"	1.22954586544203	0.000153587070059982	17333.9166666667	41750.75	21312.8455694168
"ANGEL2"	"ANGEL2"	1.2291169556434	0.000154507289835395	14327.75	34540.9166666667	17610.4804612198
"ATAD5"	"ATAD5"	1.2281706475294	0.000156457232219421	54834.9166666667	134680	67346.6351097209
"TFAM"	"TFAM"	1.22824191592606	0.00015666364361664	4792.75	11707.6666666667	5886.65644255461
"TNXB"	"TNXB"	1.22863543467012	0.00015666364361664	2482.91666666667	6047.5	3050.59939799968
"PLVAP"	"PLVAP"	1.22620585691799	0.000161243676207195	9709.08333333333	23493.0833333333	11905.3348486382
"LGI3"	"LGI3"	-1.22590511227581	0.000161591701948492	41434	18506.0833333333	50794.1524220361
"CRYBB1"	"CRYBB1"	-1.22562166009153	0.000162457869383531	16983.5	7693	20815.3454641645
"FOXO3"	"FOXO3"	1.22350943932554	0.000167351417041387	65875.0833333333	164271.916666667	80598.7862746896
"RNF212"	"RNF212"	1.22293048937336	0.000169091434357204	7676.25	17928.3333333333	9387.52016905223
"SLC7A11"	"SLC7A11"	1.22360715898228	0.000169091434357204	1915.25	4737.5	2343.51361124081
"FST"	"FST"	-1.22249705513005	0.000169486055027922	68191.6666666667	30011.6666666667	83364.1116844103
"ATP1A2"	"ATP1A2"	-1.22018222936868	0.000175657971010779	144877	64856	176776.340844246
"TBC1D23"	"TBC1D23"	1.21938367325438	0.000177647938073179	152597.666666667	321437.583333333	186075.103310047
"NAPSB"	"NAPSB"	-1.21841963725699	0.000180166027622642	17171905.25	7251386.08333333	20922586.5657163
"HEBP2"	"HEBP2"	1.21826811121589	0.000180453015569726	48379.0833333333	113186.666666667	58938.6944748563
"MYOZ1"	"MYOZ1"	-1.21756287388306	0.000182805445172509	18699.8333333333	8482.91666666667	22768.2228144676
"XKRX"	"XKRX"	-1.21706110251556	0.000183993214677151	21329.75	9320.16666666667	25959.6090513813
"CYP1B1"	"CYP1B1"	1.21672896467665	0.000184179655729058	86182.1666666667	209744.333333333	104860.338421924
"LMO4"	"LMO4"	-1.21549264574451	0.000187654991113822	175671.916666667	79530.0833333333	213527.922772176
"GJC2"	"GJC2"	-1.2145192596761	0.000190687762761213	31350.1666666667	14225.3333333333	38075.3812107224
"HPS3"	"HPS3"	1.21367321126718	0.000193115337998838	12017.8333333333	28772.9166666667	14585.7223741404
"SULT1C2"	"SULT1C2"	1.21269935649654	0.000195448355780213	446261.5	1012288	541181.033879182
"EHHADH"	"EHHADH"	-1.2122918464702	0.000197306826819181	13060.4166666667	6062.41666666667	15833.0366365035
"KIAA0586"	"KIAA0586"	-1.21191985891167	0.0001978773354725	23640.5	10609.8333333333	28650.3914246013
"TRAF6"	"TRAF6"	-1.21114421256399	0.000199574550491773	1259164.58333333	561715	1525029.89776972
"OPN3"	"OPN3"	-1.21044298845269	0.000201702580709992	80924.75	36796.25	97954.7962297871
"INTS1"	"INTS1"	-1.20958881853989	0.00020567101523051	8302.08333333333	3770.25	10042.1071705864
"GDPD1"	"GDPD1"	1.20743512830174	0.000211063961323738	91783.75	215435	110822.923957265
"SIGLEC9"	"SIGLEC9"	-1.2071228263008	0.000212257801313307	28993.4166666667	12945	34998.6150707834
"MTX2"	"MTX2"	-1.2070757058331	0.000212572450878052	14585.4166666667	6610.33333333333	17605.7021177865
"ZC3H8"	"ZC3H8"	-1.20483223749444	0.000219374114698543	62804.8333333333	27058.8333333333	75669.2878704654
"KRAS"	"KRAS"	1.20450016932527	0.000220075947854279	65173.3333333333	156998.166666667	78501.291035492
"PLSCR1"	"PLSCR1"	-1.20309856198738	0.000224717118192777	542772.75	240342.666666667	653009.115010937
"JAK1"	"JAK1"	1.20264681527837	0.000226080299700988	89090.0833333333	212244.25	107143.904993718
"PHYHD1"	"PHYHD1"	-1.20143760307978	0.000229687196391382	87993	40111.75	105718.099007799
"CDK17"	"CDK17"	-1.20147508747175	0.000229687196391382	44822.4166666667	19836.9166666667	53853.0169852784
"ZDHHC15"	"ZDHHC15"	1.20156078113828	0.000229687196391382	38719.4166666667	94876.9166666667	46523.7325352184
"TUBGCP6"	"TUBGCP6"	1.19989445664431	0.000234942695055042	259291.833333333	580615.833333333	311122.833469808
"ABCA3"	"ABCA3"	-1.19983003182055	0.000235058999075193	59070.75	27337.25	70874.8598521636
"OTUD5"	"OTUD5"	-1.20083591642543	0.000235933668579682	3421.33333333333	1460.41666666667	4108.4599487302
"GFER"	"GFER"	-1.19717076223128	0.000246949291838585	6473.08333333333	2881.58333333333	7749.38610815325
"MRPL14"	"MRPL14"	-1.19584887198122	0.000249913601194103	24177.0833333333	11059	28912.1378319626
"SCRN1"	"SCRN1"	-1.1953047804563	0.000252303532400483	12835.6666666667	5982.25	15342.5337270103
"RSU1"	"RSU1"	-1.19493548812303	0.000253056878657619	20397.25	9176.41666666667	24373.3978851174
"FXYD6"	"FXYD6"	-1.19441723767731	0.000254158892125418	67254.3333333333	35454.5	80329.7350418288
"PTMS"	"PTMS"	-1.1921295310411	0.000263119767324895	1240950.16666667	572751.333333333	1479373.34023371
"VPS33A"	"VPS33A"	-1.18996261167203	0.000272483919418152	31862	14904.25	37914.5887330941
"FTH1"	"FTH1"	1.18982947336218	0.000273770040842723	4704.25	11168.25	5597.25530006405
"IFT20"	"IFT20"	1.1880999301446	0.00027945623464869	289922.833333333	668410.333333333	344457.298030658
"FXYD5"	"FXYD5"	1.1877457978067	0.000280900673042086	27757.25	62776.6666666667	32968.5570461701
"WASH2P"	"WASH2P"	1.18719358824871	0.000284096272989733	5569.66666666667	12844	6612.27255534925
"TAF1"	"TAF1"	-1.1870768450129	0.000285527292792403	6888.91666666667	3143.08333333333	8177.67346222346
"RPS10"	"RPS10"	-1.1856557966243	0.000289802432545391	19329.5833333333	9067.58333333333	22918.2325254992
"FOXP1"	"FOXP1"	1.18413446058593	0.000295624947858175	342930.416666667	790434.666666667	406075.723958091
"C2orf49"	"C2orf49"	-1.18359765328263	0.000298244537255298	38793.5833333333	17351.5833333333	45915.9941957575
"ALG5"	"ALG5"	-1.18143529116467	0.000309017078346431	16443.25	7313.75	19426.6358514434
"TSR2"	"TSR2"	1.18041706729545	0.00031302012672797	11839	27760.75	13974.9576597108
"PRKACA"	"PRKACA"	-1.17944994974994	0.000317374429723807	26353.3333333333	12391.75	31082.4376757434
"CHD7"	"CHD7"	-1.17842682738148	0.000321985263427305	38437.3333333333	17238.9166666667	45295.5847730045
"CRTC2"	"CRTC2"	-1.17778092637242	0.000324445293946438	124383.083333333	58585.0833333333	146496.023113391
"ELL"	"ELL"	-1.17667753330292	0.000330635692237986	20914.0833333333	9225.91666666667	24609.1319879584
"GLG1"	"GLG1"	-1.17623321677021	0.00033159234185592	123564.083333333	56804.75	145340.17921643
"CITED2"	"CITED2"	1.17420198684422	0.00034242627548168	15159.5833333333	42481.8333333333	17800.4128697306
"SATB2"	"SATB2"	-1.17400193233231	0.000342496689232254	203392.333333333	94901.9166666667	238782.992354911
"HNRNPA2B1"	"HNRNPA2B1"	1.17339427066021	0.000346075284311654	11057.9166666667	26041.6666666667	12975.2960621047
"FAM118B"	"FAM118B"	1.17330647279637	0.000346265616660639	6431.66666666667	15914.4166666667	7546.31613086864
"C16orf86"	"C16orf86"	1.17389314662585	0.000346265616660639	2235.41666666667	5160.91666666667	2624.1403048532
"ADSSL1"	"ADSSL1"	-1.17218185906476	0.000351564010650207	20887.8333333333	9616.66666666667	24484.3393085016
"DCAF4"	"DCAF4"	-1.17181157371752	0.000356127406425786	5522.41666666667	2514.91666666667	6471.23176489054
"LIG3"	"LIG3"	1.17088110881021	0.000356807623149253	258324.5	620917.166666667	302467.276992842
"OGFOD2"	"OGFOD2"	1.17155143485748	0.000358968260495121	1499.66666666667	3624.83333333333	1756.93663514126
"TPT1"	"TPT1"	1.16803204636664	0.00037228331736478	70695.3333333333	166804.333333333	82574.4148619049
"RDH12"	"RDH12"	1.16821122505517	0.000374311840675257	2641.58333333333	5942.16666666667	3085.92730191865
"NKIRAS2"	"NKIRAS2"	1.16761790218138	0.000375318766601624	5823.41666666667	14262.3333333333	6799.5255518614
"MYO19"	"MYO19"	1.16609010459081	0.000388294357456083	1702.41666666667	4064.91666666667	1985.17122889047
"MRPS16"	"MRPS16"	-1.16909685729669	0.000389016247817165	931.5	430.833333333333	1089.01372257187
"SGMS1"	"SGMS1"	1.16386248121537	0.000394700850420453	420033.75	980347.75	488861.522469198
"FOXN3"	"FOXN3"	1.16382927694521	0.000395058978817738	15169.1666666667	34466.6666666667	17654.3202735281
"DUOXA1"	"DUOXA1"	-1.15825358045426	0.000430401171215004	36798.8333333333	17336.5833333333	42622.3804648728
"FBLIM1"	"FBLIM1"	1.15805371340178	0.000430598328009153	149559.166666667	344570.916666667	173197.548331609
"NPM1"	"NPM1"	-1.15511265734133	0.000450175527700848	820039.916666667	381479.166666667	947238.4872668
"FAM171A1"	"FAM171A1"	1.15272711218645	0.000466848736814837	43879.8333333333	105794.166666667	50581.4735615561
"SUB1"	"SUB1"	1.15261262042656	0.000467887245496687	10970.75	26305.5	12645.0249055447
"UBE2R2"	"UBE2R2"	1.15216931403871	0.000469781735217802	31977.4166666667	75029.8333333333	36843.3982255633
"MARVELD2"	"MARVELD2"	-1.14853561310324	0.000496770889228803	40618.25	18440.8333333333	46651.5066669308
"MIF"	"MIF"	1.14886642573716	0.000496770889228803	3165.5	7218.66666666667	3636.73667067097
"SLC39A6"	"SLC39A6"	1.14799578513712	0.000498922104932219	176329	398591	202424.948797444
"ATXN1L"	"ATXN1L"	-1.14795378666837	0.000500307713240077	16461.25	7715.25	18896.7542707946
"NTHL1"	"NTHL1"	-1.14730605114799	0.000503258687264424	57971.25	29726.5	66510.7659176131
"MEX3A"	"MEX3A"	1.14728334463137	0.000503642411455094	10910.8333333333	25538.3333333333	12517.8173593821
"NOC3L"	"NOC3L"	-1.14457258016375	0.000523605119168624	91593.4166666667	42255.4166666667	104835.31324018
"PATL1"	"PATL1"	1.14240314384702	0.000540619002967918	64701	144180.75	73914.6258100463
"GRB2"	"GRB2"	-1.14216597510694	0.000541714933814888	862318.166666667	421167	984910.469683258
"NSUN3"	"NSUN3"	-1.14085537094476	0.000553979763375263	17764.8333333333	8283.41666666667	20267.1055222718
"NHSL1"	"NHSL1"	-1.14033599887903	0.000563081951377511	4405	2106.41666666667	5023.18007506211
"ZNF81"	"ZNF81"	-1.13942766779651	0.000563225822841932	79847.25	39083.3333333333	90980.1658474646
"WDR66"	"WDR66"	1.13840861642737	0.000571052907100649	482226.666666667	1080040.5	548970.99240438
"COL9A3"	"COL9A3"	1.13816196800832	0.00057273924074508	54546.25	129853.416666667	62082.467247474
"PM20D2"	"PM20D2"	1.13760579205235	0.00057750851066278	17205.8333333333	39583.1666666667	19573.4556570874
"BCKDK"	"BCKDK"	1.13671543918937	0.000583974613193314	105106.25	245148.083333333	119475.897130298
"ERBB3"	"ERBB3"	-1.1360404812078	0.000590799843861375	18826.0833333333	9089	21387.1927692581
"REEP2"	"REEP2"	-1.13582947954359	0.000592651893429007	14317.25	6848.16666666667	16261.9546159955
"SFMBT2"	"SFMBT2"	-1.13519483497868	0.000595633453136802	114833.416666667	54290.3333333333	130358.301482955
"SPRY2"	"SPRY2"	-1.13263529594472	0.000618661091179887	114000.166666667	56128.5	129120.612510247
"SLAMF7"	"SLAMF7"	1.13181281777169	0.000625786032464191	14208.4166666667	32601.75	16081.2681035742
"CAMK1"	"CAMK1"	-1.13213080745502	0.000625786032464191	10933.6666666667	5143.25	12378.3408717774
"C1QB"	"C1QB"	-1.13135864034399	0.000628244068619651	719735.75	352750.833333333	814279.259526963
"SLAMF6"	"SLAMF6"	-1.13072350545999	0.000633806928260388	130491.333333333	62464.6666666667	147549.617858815
"SPG7"	"SPG7"	-1.13016780590292	0.000640153086535684	19048.25	8774	21527.7189087904
"ZC3H4"	"ZC3H4"	1.1297899275064	0.000641030329332243	920350.833333333	2070159.66666667	1039803.10127212
"ZNF317"	"ZNF317"	-1.12899900339017	0.00065406976763185	6165.41666666667	2936.66666666667	6960.74927215181
"ANAPC1"	"ANAPC1"	1.12788636228391	0.000662261967107045	4409.83333333333	10210.75	4973.79087661167
"CPNE3"	"CPNE3"	1.12597993343751	0.000681174994983218	4210	10034.5	4740.37551977191
"TUBA1A"	"TUBA1A"	-1.12527145932636	0.00068511996483053	20979.5	9969.91666666667	23607.6325809373
"SGSM1"	"SGSM1"	-1.12471927556688	0.000689137802805487	43725.25	20618.25	49178.6315039807
"HS6ST1"	"HS6ST1"	1.12482946827042	0.000689254541549829	5855.66666666667	13206.3333333333	6586.62642303546
"DUS4L"	"DUS4L"	-1.1243914724958	0.000690448998625261	85460.5	39595.75	96091.0574352276
"FAM184A"	"FAM184A"	-1.12311785771871	0.000703816750860051	26671.6666666667	13951.5	29955.4251284542
"ZNF280C"	"ZNF280C"	-1.12200848653785	0.000713820221224691	269982.5	131074.333333333	302922.656216704
"AHCY"	"AHCY"	1.11786169393713	0.000759375742440701	83026.5	181827.833333333	92812.1439316712
"POMT1"	"POMT1"	1.1163604780865	0.000775917740828385	76219.0833333333	169640.25	85087.9723093148
"MRPS11"	"MRPS11"	-1.11560889571263	0.000787386696881453	11908.5833333333	5638.58333333333	13285.3215020018
"SRP54"	"SRP54"	1.11448438856603	0.000796144593605949	159873.25	360378.5	178176.241274314
"EPN3"	"EPN3"	1.1137774103034	0.000807227215276004	5742.08333333333	12891.4166666667	6395.40270474633
"LRRC59"	"LRRC59"	-1.11256686895725	0.000816561244521639	238692.666666667	116676.916666667	265561.552796389
"DOCK8"	"DOCK8"	-1.11279426220897	0.000816561244521639	21910.3333333333	10691.25	24381.6932164193
"CRAT"	"CRAT"	1.11233685657746	0.000819083689735326	22916.0833333333	50447.25	25490.4041000671
"PSMC6"	"PSMC6"	-1.11172060343805	0.00082661951813524	26121.1666666667	12361.3333333333	29039.4391691725
"KLB"	"KLB"	-1.11144322585258	0.000829997415145368	13785	6894.83333333333	15321.2448683779
"SGPP2"	"SGPP2"	1.11332125699243	0.000829997415145368	762.833333333333	1686.5	849.278565542393
"FZD8"	"FZD8"	1.1111436646784	0.000830896190594715	8009.75	18867.0833333333	8899.98296815783
"GNGT2"	"GNGT2"	1.11121754030598	0.000830896190594715	5315	12094.9166666667	5906.12122672631
"HIRA"	"HIRA"	-1.11008601117649	0.000842273289318981	22400.75	10818.5	24866.7592148617
"MAPK11"	"MAPK11"	-1.10967918204417	0.000843358358275833	502347.333333333	250492.333333333	557444.377955402
"TSPYL2"	"TSPYL2"	1.11035053792967	0.000843358358275833	2666.41666666667	5655.5	2960.65718017797
"DNAJB1"	"DNAJB1"	-1.10781926174996	0.000866617478771789	111520.916666667	53526.75	123545.019571345
"PGAM1"	"PGAM1"	-1.10761190692894	0.000868674355124309	56689.75	27443.1666666667	62790.2421008249
"M6PR"	"M6PR"	1.10446162749539	0.000907845433528885	166088.833333333	376801.833333333	183438.743172144
"DERL2"	"DERL2"	-1.10460642593611	0.000907845433528885	51209.6666666667	24536.4166666667	56566.526870046
"OTUB1"	"OTUB1"	1.10375270744867	0.000916573740978997	83608.9166666667	174156.5	92283.5681376834
"TMEM86B"	"TMEM86B"	-1.10325978479398	0.000922676608021987	78289.9166666667	36903.3333333333	86374.116613205
"HSPB2"	"HSPB2"	-1.10327443270924	0.000922732482382265	25769.6666666667	12162.75	28431.0143727728
"JAG1"	"JAG1"	-1.09925012621357	0.000980868685066624	12583.9166666667	6035.66666666667	13832.8719840944
"ANXA5"	"ANXA5"	-1.09842798058466	0.000988854696072605	37161.5	18754.75	40819.2314004968
"PTPRC"	"PTPRC"	1.09663401813749	0.00101360189781058	63050.6666666667	136283	69143.5059329143
"DDI2"	"DDI2"	1.09617004621574	0.00101863292315699	29442.1666666667	68014.8333333333	32273.6211956914
"INPP5A"	"INPP5A"	1.09664813058846	0.00101863292315699	3667.16666666667	8284.91666666667	4021.5914695563
"KLHL22"	"KLHL22"	1.09446192613453	0.00104313805209681	72430.6666666667	163005.666666667	79272.6069512081
"OVOL2"	"OVOL2"	-1.09405070465422	0.00104432935923552	251343.083333333	123662.166666667	274982.077430797
"GLT8D2"	"GLT8D2"	1.09425429729831	0.00104432935923552	163407.583333333	352506.083333333	178809.450273632
"ABHD15"	"ABHD15"	1.0940778453687	0.00104432935923552	136964.416666667	298999.833333333	149849.733878848
"SPRY3"	"SPRY3"	-1.09409009813736	0.00104432935923552	75942.1666666667	36380	83087.5725810973
"PRKCB"	"PRKCB"	1.09374677131076	0.0010478376128487	99880.9166666667	218118.166666667	109244.430119726
"CKS2"	"CKS2"	-1.09208422022525	0.00107324571410188	85462.3333333333	41831.9166666667	93332.065656964
"PPP2R5A"	"PPP2R5A"	1.09107968497229	0.00108803399218177	42991.0833333333	99649.25	46906.6976599507
"LSM14B"	"LSM14B"	1.0909356722629	0.00108849547982702	390762.25	880650.083333333	426296.477898713
"RPL32P3"	"RPL32P3"	-1.09084454879348	0.00108992877152322	44529	21698.0833333333	48574.216913225
"HNRNPD"	"HNRNPD"	1.08999163638147	0.00110131383374162	179014.333333333	381355.333333333	195124.126125739
"LRRC7"	"LRRC7"	-1.08979314166054	0.00110425791973787	50359.75	24796.1666666667	54881.7101657394
"TMEM101"	"TMEM101"	-1.08786765817978	0.00113627837420676	21862.0833333333	11010.75	23783.0533987645
"PITPNC1"	"PITPNC1"	1.08756993347653	0.00113765285118599	107525.833333333	232204.583333333	116941.863405341
"KIAA0355"	"KIAA0355"	-1.08498425843788	0.0011820201525017	44888.75	20103.9166666667	48703.5871309535
"SNRPG"	"SNRPG"	-1.08435875764205	0.00119150544534423	44499.3333333333	21599.3333333333	48253.2418092329
"NKX2-8"	"NKX2-8"	1.0831787184259	0.00121096531048626	21098	46639.5833333333	22852.9046013497
"GSTO2"	"GSTO2"	-1.08278446577489	0.0012178253801158	24994.6666666667	11986.4166666667	27063.836793888
"AES"	"AES"	-1.08098967839245	0.00124660474620031	238850.25	116788.416666667	258194.654931456
"PIGA"	"PIGA"	-1.08092177329599	0.00124675947012664	90750.6666666667	44882.6666666667	98094.371541127
"ATXN7L3B"	"ATXN7L3B"	-1.08074254769916	0.00125617566317509	8665.25	4122.08333333333	9364.90436145016
"CDH1"	"CDH1"	-1.08020755361837	0.00125716297664163	75948.3333333333	37868.9166666667	82039.9633513923
"ZNF638"	"ZNF638"	1.0786261296914	0.00128511374421746	46545.1666666667	103482.916666667	50204.8329775078
"WIPI2"	"WIPI2"	1.07802222580235	0.00129615942679287	17979.5833333333	39689.75	19382.3904439989
"NGDN"	"NGDN"	-1.07681002542917	0.00131863434437986	22023.5833333333	11491.4166666667	23715.2153292082
"CD37"	"CD37"	-1.07629215035573	0.00132508702496378	159228.5	78461.5833333333	171376.384662917
"SEPHS2"	"SEPHS2"	-1.07251969655574	0.0013999985210572	46053.4166666667	22935.5833333333	49393.1964686883
"ABCA13"	"ABCA13"	-1.07167396757869	0.0014158071444013	49691.75	24590.5	53253.3548784284
"EIF2B3"	"EIF2B3"	1.0705958825358	0.00143609147599446	35405.8333333333	76986.6666666667	37905.3393844154
"TUBGCP5"	"TUBGCP5"	-1.06913604543943	0.00147883872106202	5492.66666666667	2699.33333333333	5872.40791891696
"CCDC12"	"CCDC12"	-1.0680963370369	0.00148380995301842	107967	54125.3333333333	115319.157220863
"DST"	"DST"	-1.06806213846279	0.00148380995301842	66138.5833333333	33411.5	70640.1167498992
"STAG3L2"	"STAG3L2"	-1.06867808110135	0.00148380995301842	5636.33333333333	2716.58333333333	6023.42589111425
"PHLDB1"	"PHLDB1"	-1.06797772744511	0.00148469085493745	35955.4166666667	17637.25	38399.5841810088
"ALOX5AP"	"ALOX5AP"	-1.06753936953377	0.00149178845083414	46866.4166666667	23513.25	50031.7449006401
"SLC2A6"	"SLC2A6"	1.06647978818719	0.00151244837620698	51501.3333333333	112545.833333333	54925.1310646912
"ASAP3"	"ASAP3"	-1.06616181350467	0.0015203767976152	23512.4166666667	11564.75	25068.0407932108
"PIGK"	"PIGK"	-1.06556885159219	0.00153683187488382	9723.25	4777.91666666667	10360.7923362438
"XKR6"	"XKR6"	-1.06506410694765	0.00153698198174906	111399.916666667	54959.4166666667	118648.052758626
"KDELR2"	"KDELR2"	1.06514818800559	0.00153698198174906	13813.5	30926.3333333333	14713.4244950152
"TTC33"	"TTC33"	1.06501417564499	0.00153829990475824	13311.0833333333	29204.25	14176.4924431918
"RLF"	"RLF"	-1.06403555287653	0.00155786026558797	36703.25	18317.8333333333	39053.5629061154
"SETD1A"	"SETD1A"	-1.06393145979729	0.00155867481342814	33898.8333333333	16702	36066.0352337583
"ZNF304"	"ZNF304"	1.06364866668968	0.00156138772224291	83065.6666666667	185848.583333333	88352.6855976894
"ZMYM1"	"ZMYM1"	1.06328883239869	0.0015679855625053	57064.5833333333	126517.916666667	60676.1341838178
"ZNF335"	"ZNF335"	1.06199416136836	0.00159916984199343	9654	20020.4166666667	10252.4916338502
"DNAJC15"	"DNAJC15"	-1.06088669072686	0.00161725917092155	65596.5	32295.0833333333	69590.4538082647
"TCF20"	"TCF20"	1.06085025545854	0.00161725917092155	49882.6666666667	107699.25	52918.0396762865
"UBQLN4"	"UBQLN4"	1.06174531461741	0.00161725917092155	1965.08333333333	4295.58333333333	2086.41802199942
"RPL35A"	"RPL35A"	1.05988200150746	0.00163871066694556	31963.8333333333	69207.75	33877.8916491841
"PLEC"	"PLEC"	1.05930353234246	0.00167202570089995	1819.33333333333	3953.91666666667	1927.22622650839
"ENTPD6"	"ENTPD6"	-1.0568815689269	0.00170713716253412	98815.5	56285.75	104436.280674296
"CCDC137"	"CCDC137"	1.05553568176582	0.00173843385776234	134684.333333333	286118.916666667	142164.119608175
"PARN"	"PARN"	-1.0553313011104	0.00174141870030118	658775.5	329094	695226.405554657
"F5"	"F5"	1.05382097094522	0.00178048659866774	14942.0833333333	31401	15746.2807662777
"MRPL10"	"MRPL10"	1.05434495834452	0.00178191957478815	2042.25	4286	2153.23599117909
"GABRB3"	"GABRB3"	-1.053492152231	0.00178230078852649	577365.416666667	286999.666666667	608249.935427913
"DDX17"	"DDX17"	1.05318749714631	0.00178818730059703	200855.25	443230.333333333	211538.238036196
"MCM9"	"MCM9"	1.05295002166744	0.00179372842407655	25695.25	55865.5833333333	27055.8140442503
"TAB3"	"TAB3"	-1.05257921440746	0.00180285476595031	29967	14837.8333333333	31542.6413181483
"CUTA"	"CUTA"	-1.05176964462219	0.00182189330364874	23835.25	12025.5	25069.1924219812
"POU2F1"	"POU2F1"	-1.05185457943475	0.00182189330364874	12490.5833333333	6222.41666666667	13138.277278978
"CCAR1"	"CCAR1"	1.05238214327748	0.00182487450154859	1639.25	3388.41666666667	1725.11742836761
"SMYD2"	"SMYD2"	-1.05113291982591	0.0018297386325087	225203.583333333	114756.916666667	236718.900104424
"ARMC6"	"ARMC6"	-1.04850046300745	0.00189840617102486	223310	112660.666666667	234140.638394194
"FAM43A"	"FAM43A"	-1.04700320084482	0.00193738165550252	455555.583333333	224819.166666667	476968.153912731
"SHKBP1"	"SHKBP1"	-1.04632126985896	0.00195872150470936	17612.5	9462	18428.333365391
"CMTM4"	"CMTM4"	1.04354291170759	0.00203244382920658	42762.25	92759.5833333333	44624.2428761678
"ZNF345"	"ZNF345"	-1.04282309320197	0.00205326247677731	33964.75	16949	35419.2256548317
"PIGX"	"PIGX"	-1.04195491653607	0.00207630999374363	42584.1666666667	20081.1666666667	44370.7818249247
"SLC44A1"	"SLC44A1"	-1.04155385463796	0.00208172667533864	122583.75	60814.3333333333	127677.577328475
"TDRD6"	"TDRD6"	-1.04181487907012	0.00208172667533864	10370.3333333333	5427	10803.9675675835
"TMX3"	"TMX3"	-1.03965251986464	0.00213617758833227	237599.416666667	129039.916666667	247020.832255868
"PPM1A"	"PPM1A"	1.03953653986057	0.00213698144868532	903457.25	1966418.83333333	939176.823576942
"CD34"	"CD34"	-1.03814384476228	0.00217989966069159	35920.4166666667	19909.1666666667	37290.5594637963
"CC2D1B"	"CC2D1B"	-1.0368448986055	0.00221991508824535	26595.9166666667	13500.9166666667	27575.8405195704
"SERINC3"	"SERINC3"	-1.03714055317795	0.0022222587082544	6270	3124.66666666667	6502.87126842575
"MDFI"	"MDFI"	-1.03336271175812	0.00232599314519174	39751.0833333333	20363.3333333333	41077.2872686562
"NAPSA"	"NAPSA"	-1.03185310661092	0.0023794425610197	13326.75	6866.5	13751.248388527
"RFX2"	"RFX2"	-1.03131359310638	0.00238784290024745	103745.916666667	54023.8333333333	106994.574087616
"SDCCAG8"	"SDCCAG8"	-1.03109403331607	0.00239160115624462	305751.75	155674.916666667	315258.805100945
"MYOZ3"	"MYOZ3"	1.03103078125861	0.00239160115624462	107927.666666667	233527.666666667	111276.746482753
"DCLRE1A"	"DCLRE1A"	1.02826894355109	0.00248539707497164	38346.5833333333	84628.8333333333	39430.6007329607
"GPR157"	"GPR157"	1.0269788768222	0.00252795599661992	59488.9166666667	125523.416666667	61093.8608217027
"NTAN1"	"NTAN1"	1.02631790579356	0.00255341263989284	10908.25	23264.5833333333	11195.3322958726
"EPM2A"	"EPM2A"	-1.02471596164754	0.00260570262692457	59242.5	29282.9166666667	60706.7353579042
"CYTH2"	"CYTH2"	-1.02399180960163	0.00263105839307946	35526.1666666667	17566.1666666667	36378.5036932092
"NUDT16"	"NUDT16"	-1.0235114838254	0.00264885868458822	20775.6666666667	10367.1666666667	21264.1334174618
"MMP24"	"MMP24"	1.02352455699838	0.00265072517808532	5138.58333333333	11522.3333333333	5259.46622984924
"ADORA1"	"ADORA1"	1.0226348748988	0.00267456902336643	11656.1666666667	23939.5	11920.0025409663
"PEX2"	"PEX2"	1.02254574532725	0.00267735726215456	8048.91666666667	17333.25	8230.38549199361
"PDHX"	"PDHX"	1.02180327432181	0.0027058573115656	5436.25	11606.0833333333	5554.77805003196
"EIF3L"	"EIF3L"	-1.02144816662459	0.00270679458880857	105914.166666667	53501.9166666667	108185.831361238
"ZDHHC13"	"ZDHHC13"	1.02125838103025	0.00270877127388302	37599.4166666667	77765.4166666667	38398.7193926818
"GTF2B"	"GTF2B"	-1.0215672054757	0.00270877127388302	9231.91666666667	4692.58333333333	9431.02331035123
"RUFY3"	"RUFY3"	-1.02127069362425	0.00271826309787027	9446.33333333333	4583.25	9647.26339553924
"TCN2"	"TCN2"	-1.02055931297738	0.00272805270651012	328001.083333333	168839.583333333	334744.560262505
"SNX7"	"SNX7"	-1.02041767114143	0.00274359065211804	10233.25	5115.91666666667	10442.189133208
"ASB9"	"ASB9"	-1.01950824650918	0.00277105808845161	13617.25	7150.41666666667	13882.8986697771
"WDR63"	"WDR63"	-1.01885016982805	0.00278593339887427	155848.833333333	78604.4166666667	158786.61030917
"ADAMTS4"	"ADAMTS4"	-1.01801264140607	0.00281246752516764	244969.333333333	127288.666666667	249381.878090151
"HDAC6"	"HDAC6"	1.01803837869577	0.00281246752516764	65101.8333333333	142970.5	66276.1648567892
"RGS6"	"RGS6"	-1.01683316944137	0.00285791319167837	66760.75	34213.6666666667	67884.5450167828
"MYNN"	"MYNN"	1.01662466513117	0.00286311052883513	32285.5	68075.25	32822.2356260924
"ANKMY2"	"ANKMY2"	-1.01544883966837	0.00290591295341095	465222.333333333	239395.916666667	472409.478571144
"CALM3"	"CALM3"	-1.01525886894862	0.0029105832936961	360490.666666667	190297.916666667	365991.346506535
"TTC7B"	"TTC7B"	-1.01492947488273	0.00292074020360102	822280.333333333	416457.666666667	834556.546916395
"RRP1"	"RRP1"	1.01479067864096	0.00292445101260109	47599.3333333333	100487.25	48303.3597761906
"PRSS23"	"PRSS23"	-1.01383989402186	0.00295998089987952	199517.166666667	94197.6666666667	202278.463108874
"RCE1"	"RCE1"	-1.01357263253863	0.00297010973645397	46270.25	23447	46898.2591007207
"PROS1"	"PROS1"	1.01347426568795	0.00297082351081319	21705.25	42732.5833333333	21997.7123053233
"EHD1"	"EHD1"	1.01265603642152	0.00300111971181342	31807.6666666667	66160.5	32210.2256544837
"RECK"	"RECK"	1.0128900674157	0.00303542847795391	1280	2531.83333333333	1296.49928629209
"PLD6"	"PLD6"	1.01137848231937	0.00304667699684616	489061	1021328.91666667	494625.771941595
"IYD"	"IYD"	1.0109577112685	0.00306214242549167	73080.9166666667	155097.083333333	73881.7162507373
"PHF1"	"PHF1"	1.01145933658911	0.00307184814923741	1939.08333333333	4033	1961.30394192434
"PSMD3"	"PSMD3"	1.01032668504411	0.00308207096083503	235311.416666667	489495.75	237741.403553867
"RAB35"	"RAB35"	1.00939476663699	0.00312057338098	40213.4166666667	83487.5	40591.2123319262
"COQ10B"	"COQ10B"	1.00761395273201	0.0031942879638882	200708.333333333	418405.25	202236.517096254
"SAMSN1"	"SAMSN1"	1.00748271283043	0.00320193192995858	12888.4166666667	26999.0833333333	12984.8569874223
"PPME1"	"PPME1"	1.00592155015001	0.00326362477531041	185865.583333333	392216.333333333	186966.195706203
"NOP58"	"NOP58"	-1.00455797690103	0.00332837969391862	24235	12766.3333333333	24345.4625701964
"ACOT7"	"ACOT7"	-1.00407047105322	0.00334995027794288	18095.1666666667	9169	18168.8225187866
"CCR10"	"CCR10"	-1.00291042472903	0.00339207446978007	2605342.58333333	1447060.58333333	2612925.23681546
"SNX4"	"SNX4"	1.002742259039	0.00342509857151803	2655.83333333333	5673.58333333333	2663.11631629774
"TEAD4"	"TEAD4"	1.0015071474517	0.00344955297008416	82543.5	175578.583333333	82667.9052256793
"DYNLL1"	"DYNLL1"	1.0015233827028	0.00344955297008416	30690.8333333333	62677.9166666667	30737.5872179678
"TOX4"	"TOX4"	-1.00076784472714	0.00348000330935039	529583.5	273564.583333333	529990.137898054
